{
    "$schema": "https://schema.management.azure.com/schemas/2015-01-01/deploymentTemplate.json#",
    "contentVersion": "1.0.0.0",
    "parameters": {
        "publicIPAddresses_jbvm1_ip_name": {
            "defaultValue": "jbvm1-ip",
            "type": "String"
        },
        "publicIPAddresses_aasvm1_ip_name": {
            "defaultValue": "aasvm1-ip",
            "type": "String"
        },
        "publicIPAddresses_pasvm1_ip_name": {
            "defaultValue": "pasvm1-ip",
            "type": "String"
        },
        "publicIPAddresses_ascsvm1_ip_name": {
            "defaultValue": "ascsvm1-ip",
            "type": "String"
        },
        "publicIPAddresses_ascsvm2_ip_name": {
            "defaultValue": "ascsvm2-ip",
            "type": "String"
        },
        "publicIPAddresses_hanavm1_ip_name": {
            "defaultValue": "hanavm1-ip",
            "type": "String"
        },
        "publicIPAddresses_hanavm2_ip_name": {
            "defaultValue": "hanavm2-ip",
            "type": "String"
        },
        "publicIPAddresses_iscsivm1_ip_name": {
            "defaultValue": "iscsivm1-ip",
            "type": "String"
        },
        "publicIPAddresses_iscsivm2_ip_name": {
            "defaultValue": "iscsivm2-ip",
            "type": "String"
        },
        "publicIPAddresses_iscsivm3_ip_name": {
            "defaultValue": "iscsivm3-ip",
            "type": "String"
        }
    },
    "variables": {},
    "resources": [
        {
            "type": "Microsoft.Network/publicIPAddresses",
            "apiVersion": "2019-02-01",
            "name": "[parameters('publicIPAddresses_aasvm1_ip_name')]",
            "location": "westus2",
            "sku": {
                "name": "Basic",
                "tier": "Regional"
            },
            "properties": {
                "provisioningState": "Succeeded",
                "resourceGuid": "7027f47a-2839-4346-a9d5-b15cf6144f69",
                "ipAddress": "52.250.108.32",
                "publicIPAddressVersion": "IPv4",
                "publicIPAllocationMethod": "Dynamic",
                "idleTimeoutInMinutes": 4,
                "ipTags": []
            }
        },
        {
            "type": "Microsoft.Network/publicIPAddresses",
            "apiVersion": "2019-02-01",
            "name": "[parameters('publicIPAddresses_ascsvm1_ip_name')]",
            "location": "westus2",
            "sku": {
                "name": "Basic",
                "tier": "Regional"
            },
            "properties": {
                "provisioningState": "Succeeded",
                "resourceGuid": "3619362f-a7d9-4b82-be39-8a7714add1db",
                "ipAddress": "13.77.137.245",
                "publicIPAddressVersion": "IPv4",
                "publicIPAllocationMethod": "Dynamic",
                "idleTimeoutInMinutes": 4,
                "ipTags": []
            }
        },
        {
            "type": "Microsoft.Network/publicIPAddresses",
            "apiVersion": "2019-02-01",
            "name": "[parameters('publicIPAddresses_ascsvm2_ip_name')]",
            "location": "westus2",
            "sku": {
                "name": "Basic",
                "tier": "Regional"
            },
            "properties": {
                "provisioningState": "Succeeded",
                "resourceGuid": "df208367-b3e0-4b0b-8bb1-eabc120a41f1",
                "ipAddress": "52.183.99.235",
                "publicIPAddressVersion": "IPv4",
                "publicIPAllocationMethod": "Dynamic",
                "idleTimeoutInMinutes": 4,
                "ipTags": []
            }
        },
        {
            "type": "Microsoft.Network/publicIPAddresses",
            "apiVersion": "2019-02-01",
            "name": "[parameters('publicIPAddresses_hanavm1_ip_name')]",
            "location": "westus2",
            "sku": {
                "name": "Basic",
                "tier": "Regional"
            },
            "properties": {
                "provisioningState": "Succeeded",
                "resourceGuid": "adb3502d-3903-4732-b439-e6a83dd12b24",
                "ipAddress": "52.183.31.159",
                "publicIPAddressVersion": "IPv4",
                "publicIPAllocationMethod": "Dynamic",
                "idleTimeoutInMinutes": 4,
                "ipTags": []
            }
        },
        {
            "type": "Microsoft.Network/publicIPAddresses",
            "apiVersion": "2019-02-01",
            "name": "[parameters('publicIPAddresses_hanavm2_ip_name')]",
            "location": "westus2",
            "sku": {
                "name": "Basic",
                "tier": "Regional"
            },
            "properties": {
                "provisioningState": "Succeeded",
                "resourceGuid": "301ca565-65e7-446a-abae-d1330458331d",
                "ipAddress": "52.183.44.35",
                "publicIPAddressVersion": "IPv4",
                "publicIPAllocationMethod": "Dynamic",
                "idleTimeoutInMinutes": 4,
                "ipTags": []
            }
        },
        {
            "type": "Microsoft.Network/publicIPAddresses",
            "apiVersion": "2019-02-01",
            "name": "[parameters('publicIPAddresses_iscsivm1_ip_name')]",
            "location": "westus2",
            "sku": {
                "name": "Basic",
                "tier": "Regional"
            },
            "properties": {
                "provisioningState": "Succeeded",
                "resourceGuid": "b114cca9-481b-4dd3-a395-9c4f9da298e4",
                "ipAddress": "52.191.138.228",
                "publicIPAddressVersion": "IPv4",
                "publicIPAllocationMethod": "Dynamic",
                "idleTimeoutInMinutes": 4,
                "ipTags": []
            }
        },
        {
            "type": "Microsoft.Network/publicIPAddresses",
            "apiVersion": "2019-02-01",
            "name": "[parameters('publicIPAddresses_iscsivm2_ip_name')]",
            "location": "westus2",
            "sku": {
                "name": "Basic",
                "tier": "Regional"
            },
            "properties": {
                "provisioningState": "Succeeded",
                "resourceGuid": "4d509bed-3ce4-43c3-8853-0bb32046d554",
                "ipAddress": "52.183.58.110",
                "publicIPAddressVersion": "IPv4",
                "publicIPAllocationMethod": "Dynamic",
                "idleTimeoutInMinutes": 4,
                "ipTags": []
            }
        },
        {
            "type": "Microsoft.Network/publicIPAddresses",
            "apiVersion": "2019-02-01",
            "name": "[parameters('publicIPAddresses_iscsivm3_ip_name')]",
            "location": "westus2",
            "sku": {
                "name": "Basic",
                "tier": "Regional"
            },
            "properties": {
                "provisioningState": "Succeeded",
                "resourceGuid": "f7519a58-e772-4677-8e74-2a13e1fd9792",
                "ipAddress": "52.183.67.181",
                "publicIPAddressVersion": "IPv4",
                "publicIPAllocationMethod": "Dynamic",
                "idleTimeoutInMinutes": 4,
                "ipTags": []
            }
        },
        {
            "type": "Microsoft.Network/publicIPAddresses",
            "apiVersion": "2019-02-01",
            "name": "[parameters('publicIPAddresses_jbvm1_ip_name')]",
            "location": "westus2",
            "sku": {
                "name": "Basic",
                "tier": "Regional"
            },
            "properties": {
                "provisioningState": "Succeeded",
                "resourceGuid": "2b0d45f1-934a-4139-bf5e-1673305c5efe",
                "ipAddress": "52.151.22.56",
                "publicIPAddressVersion": "IPv4",
                "publicIPAllocationMethod": "Dynamic",
                "idleTimeoutInMinutes": 4,
                "ipTags": []
            }
        },
        {
            "type": "Microsoft.Network/publicIPAddresses",
            "apiVersion": "2019-02-01",
            "name": "[parameters('publicIPAddresses_pasvm1_ip_name')]",
            "location": "westus2",
            "sku": {
                "name": "Basic",
                "tier": "Regional"
            },
            "properties": {
                "provisioningState": "Succeeded",
                "resourceGuid": "9f98c746-b4a0-4fe7-9de2-e32c664c25f9",
                "ipAddress": "52.151.58.234",
                "publicIPAddressVersion": "IPv4",
                "publicIPAllocationMethod": "Dynamic",
                "idleTimeoutInMinutes": 4,
                "ipTags": []
            }
        }
    ]
}