{
    "$schema": "https://schema.management.azure.com/schemas/2015-01-01/deploymentParameters.json#",
    "contentVersion": "1.0.0.0",
    "parameters": {
        "disks_hanavm1_log_name": {
            "value": null
        },
        "disks_hanavm2_log_name": {
            "value": null
        },
        "disks_hanavm1_data_name": {
            "value": null
        },
        "disks_hanavm2_data_name": {
            "value": null
        },
        "disks_jbvm1_sapbits_name": {
            "value": null
        },
        "disks_aasvm1_usr_sap_name": {
            "value": null
        },
        "disks_hanavm1_shared_name": {
            "value": null
        },
        "disks_hanavm2_shared_name": {
            "value": null
        },
        "disks_pasvm1_usr_sap_name": {
            "value": null
        },
        "disks_ascsvm1_usr_sap_name": {
            "value": null
        },
        "disks_ascsvm2_usr_sap_name": {
            "value": null
        },
        "disks_hanavm1_logbackup_name": {
            "value": null
        },
        "disks_hanavm2_logbackup_name": {
            "value": null
        }
    }
}