{
    "$schema": "https://schema.management.azure.com/schemas/2015-01-01/deploymentTemplate.json#",
    "contentVersion": "1.0.0.0",
    "parameters": {
        "disks_hanavm1_log_name": {
            "defaultValue": "hanavm1_log",
            "type": "String"
        },
        "disks_hanavm2_log_name": {
            "defaultValue": "hanavm2_log",
            "type": "String"
        },
        "disks_hanavm1_data_name": {
            "defaultValue": "hanavm1_data",
            "type": "String"
        },
        "disks_hanavm2_data_name": {
            "defaultValue": "hanavm2_data",
            "type": "String"
        },
        "disks_jbvm1_sapbits_name": {
            "defaultValue": "jbvm1_sapbits",
            "type": "String"
        },
        "disks_aasvm1_usr_sap_name": {
            "defaultValue": "aasvm1_usr_sap",
            "type": "String"
        },
        "disks_hanavm1_shared_name": {
            "defaultValue": "hanavm1_shared",
            "type": "String"
        },
        "disks_hanavm2_shared_name": {
            "defaultValue": "hanavm2_shared",
            "type": "String"
        },
        "disks_pasvm1_usr_sap_name": {
            "defaultValue": "pasvm1_usr_sap",
            "type": "String"
        },
        "disks_ascsvm1_usr_sap_name": {
            "defaultValue": "ascsvm1_usr_sap",
            "type": "String"
        },
        "disks_ascsvm2_usr_sap_name": {
            "defaultValue": "ascsvm2_usr_sap",
            "type": "String"
        },
        "disks_hanavm1_logbackup_name": {
            "defaultValue": "hanavm1_logbackup",
            "type": "String"
        },
        "disks_hanavm2_logbackup_name": {
            "defaultValue": "hanavm2_logbackup",
            "type": "String"
        }
    },
    "variables": {},
    "resources": [
        {
            "type": "Microsoft.Compute/disks",
            "apiVersion": "2018-06-01",
            "name": "[parameters('disks_aasvm1_usr_sap_name')]",
            "location": "westus2",
            "sku": {
                "name": "StandardSSD_LRS",
                "tier": "Standard"
            },
            "properties": {
                "creationData": {
                    "createOption": "Empty"
                },
                "diskSizeGB": 256,
                "diskIOPSReadWrite": 500,
                "diskMBpsReadWrite": 60
            }
        },
        {
            "type": "Microsoft.Compute/disks",
            "apiVersion": "2018-06-01",
            "name": "[parameters('disks_ascsvm1_usr_sap_name')]",
            "location": "westus2",
            "sku": {
                "name": "Premium_LRS",
                "tier": "Premium"
            },
            "properties": {
                "creationData": {
                    "createOption": "Empty"
                },
                "diskSizeGB": 256,
                "diskIOPSReadWrite": 1100,
                "diskMBpsReadWrite": 125
            }
        },
        {
            "type": "Microsoft.Compute/disks",
            "apiVersion": "2018-06-01",
            "name": "[parameters('disks_ascsvm2_usr_sap_name')]",
            "location": "westus2",
            "sku": {
                "name": "Premium_LRS",
                "tier": "Premium"
            },
            "properties": {
                "creationData": {
                    "createOption": "Empty"
                },
                "diskSizeGB": 256,
                "diskIOPSReadWrite": 1100,
                "diskMBpsReadWrite": 125
            }
        },
        {
            "type": "Microsoft.Compute/disks",
            "apiVersion": "2018-06-01",
            "name": "[parameters('disks_hanavm1_data_name')]",
            "location": "westus2",
            "sku": {
                "name": "Premium_LRS",
                "tier": "Premium"
            },
            "properties": {
                "creationData": {
                    "createOption": "Empty"
                },
                "diskSizeGB": 1023,
                "diskIOPSReadWrite": 5000,
                "diskMBpsReadWrite": 200
            }
        },
        {
            "type": "Microsoft.Compute/disks",
            "apiVersion": "2018-06-01",
            "name": "[parameters('disks_hanavm1_log_name')]",
            "location": "westus2",
            "sku": {
                "name": "Premium_LRS",
                "tier": "Premium"
            },
            "properties": {
                "creationData": {
                    "createOption": "Empty"
                },
                "diskSizeGB": 512,
                "diskIOPSReadWrite": 2300,
                "diskMBpsReadWrite": 150
            }
        },
        {
            "type": "Microsoft.Compute/disks",
            "apiVersion": "2018-06-01",
            "name": "[parameters('disks_hanavm1_logbackup_name')]",
            "location": "westus2",
            "sku": {
                "name": "Premium_LRS",
                "tier": "Premium"
            },
            "properties": {
                "creationData": {
                    "createOption": "Empty"
                },
                "diskSizeGB": 1023,
                "diskIOPSReadWrite": 5000,
                "diskMBpsReadWrite": 200
            }
        },
        {
            "type": "Microsoft.Compute/disks",
            "apiVersion": "2018-06-01",
            "name": "[parameters('disks_hanavm1_shared_name')]",
            "location": "westus2",
            "sku": {
                "name": "Premium_LRS",
                "tier": "Premium"
            },
            "properties": {
                "creationData": {
                    "createOption": "Empty"
                },
                "diskSizeGB": 256,
                "diskIOPSReadWrite": 1100,
                "diskMBpsReadWrite": 125
            }
        },
        {
            "type": "Microsoft.Compute/disks",
            "apiVersion": "2018-06-01",
            "name": "[parameters('disks_hanavm2_data_name')]",
            "location": "westus2",
            "sku": {
                "name": "Premium_LRS",
                "tier": "Premium"
            },
            "properties": {
                "creationData": {
                    "createOption": "Empty"
                },
                "diskSizeGB": 1023,
                "diskIOPSReadWrite": 5000,
                "diskMBpsReadWrite": 200
            }
        },
        {
            "type": "Microsoft.Compute/disks",
            "apiVersion": "2018-06-01",
            "name": "[parameters('disks_hanavm2_log_name')]",
            "location": "westus2",
            "sku": {
                "name": "Premium_LRS",
                "tier": "Premium"
            },
            "properties": {
                "creationData": {
                    "createOption": "Empty"
                },
                "diskSizeGB": 512,
                "diskIOPSReadWrite": 2300,
                "diskMBpsReadWrite": 150
            }
        },
        {
            "type": "Microsoft.Compute/disks",
            "apiVersion": "2018-06-01",
            "name": "[parameters('disks_hanavm2_logbackup_name')]",
            "location": "westus2",
            "sku": {
                "name": "Premium_LRS",
                "tier": "Premium"
            },
            "properties": {
                "creationData": {
                    "createOption": "Empty"
                },
                "diskSizeGB": 1023,
                "diskIOPSReadWrite": 5000,
                "diskMBpsReadWrite": 200
            }
        },
        {
            "type": "Microsoft.Compute/disks",
            "apiVersion": "2018-06-01",
            "name": "[parameters('disks_hanavm2_shared_name')]",
            "location": "westus2",
            "sku": {
                "name": "Premium_LRS",
                "tier": "Premium"
            },
            "properties": {
                "creationData": {
                    "createOption": "Empty"
                },
                "diskSizeGB": 256,
                "diskIOPSReadWrite": 1100,
                "diskMBpsReadWrite": 125
            }
        },
        {
            "type": "Microsoft.Compute/disks",
            "apiVersion": "2018-06-01",
            "name": "[parameters('disks_jbvm1_sapbits_name')]",
            "location": "westus2",
            "sku": {
                "name": "Premium_LRS",
                "tier": "Premium"
            },
            "properties": {
                "creationData": {
                    "createOption": "Empty"
                },
                "diskSizeGB": 512,
                "diskIOPSReadWrite": 2300,
                "diskMBpsReadWrite": 150
            }
        },
        {
            "type": "Microsoft.Compute/disks",
            "apiVersion": "2018-06-01",
            "name": "[parameters('disks_pasvm1_usr_sap_name')]",
            "location": "westus2",
            "sku": {
                "name": "Premium_LRS",
                "tier": "Premium"
            },
            "properties": {
                "creationData": {
                    "createOption": "Empty"
                },
                "diskSizeGB": 256,
                "diskIOPSReadWrite": 1100,
                "diskMBpsReadWrite": 125
            }
        }
    ]
}