{
    "$schema": "https://schema.management.azure.com/schemas/2015-01-01/deploymentParameters.json#",
    "contentVersion": "1.0.0.0",
    "parameters": {
        "loadBalancers_demo_db_ilb_name": {
            "value": null
        },
        "loadBalancers_demo_app_ilb_name": {
            "value": null
        },
        "loadBalancers_demo_nfs_ilb_name": {
            "value": null
        },
        "virtualNetworks_sachin_demo_vnet_externalid": {
            "value": null
        }
    }
}