{
    "$schema": "https://schema.management.azure.com/schemas/2015-01-01/deploymentTemplate.json#",
    "contentVersion": "1.0.0.0",
    "parameters": {
        "loadBalancers_db_lb_name": {
            "defaultValue": "db-lb",
            "type": "String"
        },
        "loadBalancers_ascs_lb_name": {
            "defaultValue": "ascs-lb",
            "type": "String"
        },
        "virtualNetworks_vnet_externalid": {
            "defaultValue": "/subscriptions/EnterYourSubscription/resourceGroups/EnterYourResourceGroup/providers/Microsoft.Network/virtualNetworks/vnet",
            "type": "String"
        }
    },
    "variables": {},
    "resources": [
        {
            "type": "Microsoft.Network/loadBalancers",
            "apiVersion": "2019-02-01",
            "name": "[parameters('loadBalancers_ascs_lb_name')]",
            "location": "westus2",
            "sku": {
                "name": "Basic",
                "tier": "Regional"
            },
            "properties": {
                "provisioningState": "Succeeded",
                "resourceGuid": "a2625d2d-ff97-46d3-aad0-6226b862bd4b",
                "frontendIPConfigurations": [
                    {
                        "name": "ers-lb",
                        "etag": "W/\"5c43c3fb-b5a2-4b4f-a47c-942dfe09d79e\"",
                        "properties": {
                            "provisioningState": "Succeeded",
                            "privateIPAddress": "10.15.1.50",
                            "privateIPAllocationMethod": "Static",
                            "subnet": {
                                "id": "[concat(parameters('virtualNetworks_vnet_externalid'), '/subnets/application')]"
                            }
                        }
                    },
                    {
                        "name": "[parameters('loadBalancers_ascs_lb_name')]",
                        "etag": "W/\"5c43c3fb-b5a2-4b4f-a47c-942dfe09d79e\"",
                        "properties": {
                            "provisioningState": "Succeeded",
                            "privateIPAddress": "10.15.1.5",
                            "privateIPAllocationMethod": "Static",
                            "subnet": {
                                "id": "[concat(parameters('virtualNetworks_vnet_externalid'), '/subnets/application')]"
                            }
                        }
                    }
                ],
                "backendAddressPools": [
                    {
                        "name": "ascsers-pool",
                        "etag": "W/\"5c43c3fb-b5a2-4b4f-a47c-942dfe09d79e\"",
                        "properties": {
                            "provisioningState": "Succeeded"
                        }
                    }
                ],
                "loadBalancingRules": [
                    {
                        "name": "ascs3200",
                        "etag": "W/\"5c43c3fb-b5a2-4b4f-a47c-942dfe09d79e\"",
                        "properties": {
                            "provisioningState": "Succeeded",
                            "frontendIPConfiguration": {
                                "id": "[concat(resourceId('Microsoft.Network/loadBalancers', parameters('loadBalancers_ascs_lb_name')), concat('/frontendIPConfigurations/', parameters('loadBalancers_ascs_lb_name')))]"
                            },
                            "frontendPort": 3200,
                            "backendPort": 3200,
                            "enableFloatingIP": true,
                            "idleTimeoutInMinutes": 30,
                            "protocol": "Tcp",
                            "enableTcpReset": false,
                            "loadDistribution": "Default",
                            "backendAddressPool": {
                                "id": "[concat(resourceId('Microsoft.Network/loadBalancers', parameters('loadBalancers_ascs_lb_name')), '/backendAddressPools/ascsers-pool')]"
                            },
                            "probe": {
                                "id": "[concat(resourceId('Microsoft.Network/loadBalancers', parameters('loadBalancers_ascs_lb_name')), '/probes/healthProbeASCS_62000')]"
                            }
                        }
                    },
                    {
                        "name": "ascs3600",
                        "etag": "W/\"5c43c3fb-b5a2-4b4f-a47c-942dfe09d79e\"",
                        "properties": {
                            "provisioningState": "Succeeded",
                            "frontendIPConfiguration": {
                                "id": "[concat(resourceId('Microsoft.Network/loadBalancers', parameters('loadBalancers_ascs_lb_name')), concat('/frontendIPConfigurations/', parameters('loadBalancers_ascs_lb_name')))]"
                            },
                            "frontendPort": 3600,
                            "backendPort": 3600,
                            "enableFloatingIP": true,
                            "idleTimeoutInMinutes": 30,
                            "protocol": "Tcp",
                            "enableTcpReset": false,
                            "loadDistribution": "Default",
                            "backendAddressPool": {
                                "id": "[concat(resourceId('Microsoft.Network/loadBalancers', parameters('loadBalancers_ascs_lb_name')), '/backendAddressPools/ascsers-pool')]"
                            },
                            "probe": {
                                "id": "[concat(resourceId('Microsoft.Network/loadBalancers', parameters('loadBalancers_ascs_lb_name')), '/probes/healthProbeASCS_62000')]"
                            }
                        }
                    },
                    {
                        "name": "ascs3900",
                        "etag": "W/\"5c43c3fb-b5a2-4b4f-a47c-942dfe09d79e\"",
                        "properties": {
                            "provisioningState": "Succeeded",
                            "frontendIPConfiguration": {
                                "id": "[concat(resourceId('Microsoft.Network/loadBalancers', parameters('loadBalancers_ascs_lb_name')), concat('/frontendIPConfigurations/', parameters('loadBalancers_ascs_lb_name')))]"
                            },
                            "frontendPort": 3900,
                            "backendPort": 3900,
                            "enableFloatingIP": true,
                            "idleTimeoutInMinutes": 30,
                            "protocol": "Tcp",
                            "enableTcpReset": false,
                            "loadDistribution": "Default",
                            "backendAddressPool": {
                                "id": "[concat(resourceId('Microsoft.Network/loadBalancers', parameters('loadBalancers_ascs_lb_name')), '/backendAddressPools/ascsers-pool')]"
                            },
                            "probe": {
                                "id": "[concat(resourceId('Microsoft.Network/loadBalancers', parameters('loadBalancers_ascs_lb_name')), '/probes/healthProbeASCS_62000')]"
                            }
                        }
                    },
                    {
                        "name": "ascs8100",
                        "etag": "W/\"5c43c3fb-b5a2-4b4f-a47c-942dfe09d79e\"",
                        "properties": {
                            "provisioningState": "Succeeded",
                            "frontendIPConfiguration": {
                                "id": "[concat(resourceId('Microsoft.Network/loadBalancers', parameters('loadBalancers_ascs_lb_name')), concat('/frontendIPConfigurations/', parameters('loadBalancers_ascs_lb_name')))]"
                            },
                            "frontendPort": 8100,
                            "backendPort": 8100,
                            "enableFloatingIP": true,
                            "idleTimeoutInMinutes": 30,
                            "protocol": "Tcp",
                            "enableTcpReset": false,
                            "loadDistribution": "Default",
                            "backendAddressPool": {
                                "id": "[concat(resourceId('Microsoft.Network/loadBalancers', parameters('loadBalancers_ascs_lb_name')), '/backendAddressPools/ascsers-pool')]"
                            },
                            "probe": {
                                "id": "[concat(resourceId('Microsoft.Network/loadBalancers', parameters('loadBalancers_ascs_lb_name')), '/probes/healthProbeASCS_62000')]"
                            }
                        }
                    },
                    {
                        "name": "ascs50013",
                        "etag": "W/\"5c43c3fb-b5a2-4b4f-a47c-942dfe09d79e\"",
                        "properties": {
                            "provisioningState": "Succeeded",
                            "frontendIPConfiguration": {
                                "id": "[concat(resourceId('Microsoft.Network/loadBalancers', parameters('loadBalancers_ascs_lb_name')), concat('/frontendIPConfigurations/', parameters('loadBalancers_ascs_lb_name')))]"
                            },
                            "frontendPort": 50013,
                            "backendPort": 50013,
                            "enableFloatingIP": true,
                            "idleTimeoutInMinutes": 30,
                            "protocol": "Tcp",
                            "enableTcpReset": false,
                            "loadDistribution": "Default",
                            "backendAddressPool": {
                                "id": "[concat(resourceId('Microsoft.Network/loadBalancers', parameters('loadBalancers_ascs_lb_name')), '/backendAddressPools/ascsers-pool')]"
                            },
                            "probe": {
                                "id": "[concat(resourceId('Microsoft.Network/loadBalancers', parameters('loadBalancers_ascs_lb_name')), '/probes/healthProbeASCS_62000')]"
                            }
                        }
                    },
                    {
                        "name": "ascs50014",
                        "etag": "W/\"5c43c3fb-b5a2-4b4f-a47c-942dfe09d79e\"",
                        "properties": {
                            "provisioningState": "Succeeded",
                            "frontendIPConfiguration": {
                                "id": "[concat(resourceId('Microsoft.Network/loadBalancers', parameters('loadBalancers_ascs_lb_name')), concat('/frontendIPConfigurations/', parameters('loadBalancers_ascs_lb_name')))]"
                            },
                            "frontendPort": 50014,
                            "backendPort": 50014,
                            "enableFloatingIP": true,
                            "idleTimeoutInMinutes": 30,
                            "protocol": "Tcp",
                            "enableTcpReset": false,
                            "loadDistribution": "Default",
                            "backendAddressPool": {
                                "id": "[concat(resourceId('Microsoft.Network/loadBalancers', parameters('loadBalancers_ascs_lb_name')), '/backendAddressPools/ascsers-pool')]"
                            },
                            "probe": {
                                "id": "[concat(resourceId('Microsoft.Network/loadBalancers', parameters('loadBalancers_ascs_lb_name')), '/probes/healthProbeASCS_62000')]"
                            }
                        }
                    },
                    {
                        "name": "ascs50016",
                        "etag": "W/\"5c43c3fb-b5a2-4b4f-a47c-942dfe09d79e\"",
                        "properties": {
                            "provisioningState": "Succeeded",
                            "frontendIPConfiguration": {
                                "id": "[concat(resourceId('Microsoft.Network/loadBalancers', parameters('loadBalancers_ascs_lb_name')), concat('/frontendIPConfigurations/', parameters('loadBalancers_ascs_lb_name')))]"
                            },
                            "frontendPort": 50016,
                            "backendPort": 50016,
                            "enableFloatingIP": true,
                            "idleTimeoutInMinutes": 30,
                            "protocol": "Tcp",
                            "enableTcpReset": false,
                            "loadDistribution": "Default",
                            "backendAddressPool": {
                                "id": "[concat(resourceId('Microsoft.Network/loadBalancers', parameters('loadBalancers_ascs_lb_name')), '/backendAddressPools/ascsers-pool')]"
                            },
                            "probe": {
                                "id": "[concat(resourceId('Microsoft.Network/loadBalancers', parameters('loadBalancers_ascs_lb_name')), '/probes/healthProbeASCS_62000')]"
                            }
                        }
                    },
                    {
                        "name": "ers50214",
                        "etag": "W/\"5c43c3fb-b5a2-4b4f-a47c-942dfe09d79e\"",
                        "properties": {
                            "provisioningState": "Succeeded",
                            "frontendIPConfiguration": {
                                "id": "[concat(resourceId('Microsoft.Network/loadBalancers', parameters('loadBalancers_ascs_lb_name')), '/frontendIPConfigurations/ers-lb')]"
                            },
                            "frontendPort": 50214,
                            "backendPort": 50214,
                            "enableFloatingIP": true,
                            "idleTimeoutInMinutes": 30,
                            "protocol": "Tcp",
                            "enableTcpReset": false,
                            "loadDistribution": "Default",
                            "backendAddressPool": {
                                "id": "[concat(resourceId('Microsoft.Network/loadBalancers', parameters('loadBalancers_ascs_lb_name')), '/backendAddressPools/ascsers-pool')]"
                            },
                            "probe": {
                                "id": "[concat(resourceId('Microsoft.Network/loadBalancers', parameters('loadBalancers_ascs_lb_name')), '/probes/healthProbeERS_62102')]"
                            }
                        }
                    },
                    {
                        "name": "ers50216",
                        "etag": "W/\"5c43c3fb-b5a2-4b4f-a47c-942dfe09d79e\"",
                        "properties": {
                            "provisioningState": "Succeeded",
                            "frontendIPConfiguration": {
                                "id": "[concat(resourceId('Microsoft.Network/loadBalancers', parameters('loadBalancers_ascs_lb_name')), '/frontendIPConfigurations/ers-lb')]"
                            },
                            "frontendPort": 50216,
                            "backendPort": 50216,
                            "enableFloatingIP": true,
                            "idleTimeoutInMinutes": 30,
                            "protocol": "Tcp",
                            "enableTcpReset": false,
                            "loadDistribution": "Default",
                            "backendAddressPool": {
                                "id": "[concat(resourceId('Microsoft.Network/loadBalancers', parameters('loadBalancers_ascs_lb_name')), '/backendAddressPools/ascsers-pool')]"
                            },
                            "probe": {
                                "id": "[concat(resourceId('Microsoft.Network/loadBalancers', parameters('loadBalancers_ascs_lb_name')), '/probes/healthProbeERS_62102')]"
                            }
                        }
                    },
                    {
                        "name": "ers50213",
                        "etag": "W/\"5c43c3fb-b5a2-4b4f-a47c-942dfe09d79e\"",
                        "properties": {
                            "provisioningState": "Succeeded",
                            "frontendIPConfiguration": {
                                "id": "[concat(resourceId('Microsoft.Network/loadBalancers', parameters('loadBalancers_ascs_lb_name')), '/frontendIPConfigurations/ers-lb')]"
                            },
                            "frontendPort": 50213,
                            "backendPort": 50213,
                            "enableFloatingIP": true,
                            "idleTimeoutInMinutes": 30,
                            "protocol": "Tcp",
                            "enableTcpReset": false,
                            "loadDistribution": "Default",
                            "backendAddressPool": {
                                "id": "[concat(resourceId('Microsoft.Network/loadBalancers', parameters('loadBalancers_ascs_lb_name')), '/backendAddressPools/ascsers-pool')]"
                            },
                            "probe": {
                                "id": "[concat(resourceId('Microsoft.Network/loadBalancers', parameters('loadBalancers_ascs_lb_name')), '/probes/healthProbeERS_62102')]"
                            }
                        }
                    },
                    {
                        "name": "ers3302",
                        "etag": "W/\"5c43c3fb-b5a2-4b4f-a47c-942dfe09d79e\"",
                        "properties": {
                            "provisioningState": "Succeeded",
                            "frontendIPConfiguration": {
                                "id": "[concat(resourceId('Microsoft.Network/loadBalancers', parameters('loadBalancers_ascs_lb_name')), '/frontendIPConfigurations/ers-lb')]"
                            },
                            "frontendPort": 3302,
                            "backendPort": 3302,
                            "enableFloatingIP": true,
                            "idleTimeoutInMinutes": 30,
                            "protocol": "Tcp",
                            "enableTcpReset": false,
                            "loadDistribution": "Default",
                            "backendAddressPool": {
                                "id": "[concat(resourceId('Microsoft.Network/loadBalancers', parameters('loadBalancers_ascs_lb_name')), '/backendAddressPools/ascsers-pool')]"
                            },
                            "probe": {
                                "id": "[concat(resourceId('Microsoft.Network/loadBalancers', parameters('loadBalancers_ascs_lb_name')), '/probes/healthProbeERS_62102')]"
                            }
                        }
                    },
                    {
                        "name": "ers3202",
                        "etag": "W/\"5c43c3fb-b5a2-4b4f-a47c-942dfe09d79e\"",
                        "properties": {
                            "provisioningState": "Succeeded",
                            "frontendIPConfiguration": {
                                "id": "[concat(resourceId('Microsoft.Network/loadBalancers', parameters('loadBalancers_ascs_lb_name')), '/frontendIPConfigurations/ers-lb')]"
                            },
                            "frontendPort": 3202,
                            "backendPort": 3202,
                            "enableFloatingIP": true,
                            "idleTimeoutInMinutes": 30,
                            "protocol": "Tcp",
                            "enableTcpReset": false,
                            "loadDistribution": "Default",
                            "backendAddressPool": {
                                "id": "[concat(resourceId('Microsoft.Network/loadBalancers', parameters('loadBalancers_ascs_lb_name')), '/backendAddressPools/ascsers-pool')]"
                            },
                            "probe": {
                                "id": "[concat(resourceId('Microsoft.Network/loadBalancers', parameters('loadBalancers_ascs_lb_name')), '/probes/healthProbeERS_62102')]"
                            }
                        }
                    }
                ],
                "probes": [
                    {
                        "name": "healthProbeASCS_62000",
                        "etag": "W/\"5c43c3fb-b5a2-4b4f-a47c-942dfe09d79e\"",
                        "properties": {
                            "provisioningState": "Succeeded",
                            "protocol": "Tcp",
                            "port": 62000,
                            "intervalInSeconds": 5,
                            "numberOfProbes": 2
                        }
                    },
                    {
                        "name": "healthProbeERS_62102",
                        "etag": "W/\"5c43c3fb-b5a2-4b4f-a47c-942dfe09d79e\"",
                        "properties": {
                            "provisioningState": "Succeeded",
                            "protocol": "Tcp",
                            "port": 62102,
                            "intervalInSeconds": 5,
                            "numberOfProbes": 2
                        }
                    }
                ],
                "inboundNatRules": [],
                "inboundNatPools": []
            }
        },
        {
            "type": "Microsoft.Network/loadBalancers",
            "apiVersion": "2019-02-01",
            "name": "[parameters('loadBalancers_db_lb_name')]",
            "location": "westus2",
            "sku": {
                "name": "Basic",
                "tier": "Regional"
            },
            "properties": {
                "provisioningState": "Succeeded",
                "resourceGuid": "bb287a20-3d14-4814-b4a2-1d3b6ea16aad",
                "frontendIPConfigurations": [
                    {
                        "name": "[parameters('loadBalancers_db_lb_name')]",
                        "etag": "W/\"d28c8aaa-052f-4146-aa0f-ae94114e223b\"",
                        "properties": {
                            "provisioningState": "Succeeded",
                            "privateIPAddress": "10.15.2.5",
                            "privateIPAllocationMethod": "Static",
                            "subnet": {
                                "id": "[concat(parameters('virtualNetworks_vnet_externalid'), '/subnets/database')]"
                            }
                        }
                    }
                ],
                "backendAddressPools": [
                    {
                        "name": "db-pool",
                        "etag": "W/\"d28c8aaa-052f-4146-aa0f-ae94114e223b\"",
                        "properties": {
                            "provisioningState": "Succeeded"
                        }
                    }
                ],
                "loadBalancingRules": [
                    {
                        "name": "systemdb_30013",
                        "etag": "W/\"d28c8aaa-052f-4146-aa0f-ae94114e223b\"",
                        "properties": {
                            "provisioningState": "Succeeded",
                            "frontendIPConfiguration": {
                                "id": "[concat(resourceId('Microsoft.Network/loadBalancers', parameters('loadBalancers_db_lb_name')), concat('/frontendIPConfigurations/', parameters('loadBalancers_db_lb_name')))]"
                            },
                            "frontendPort": 30013,
                            "backendPort": 30013,
                            "enableFloatingIP": true,
                            "idleTimeoutInMinutes": 30,
                            "protocol": "Tcp",
                            "enableTcpReset": false,
                            "loadDistribution": "Default",
                            "backendAddressPool": {
                                "id": "[concat(resourceId('Microsoft.Network/loadBalancers', parameters('loadBalancers_db_lb_name')), '/backendAddressPools/db-pool')]"
                            },
                            "probe": {
                                "id": "[concat(resourceId('Microsoft.Network/loadBalancers', parameters('loadBalancers_db_lb_name')), '/probes/healthProbeDB_62500')]"
                            }
                        }
                    },
                    {
                        "name": "systemdb_30014",
                        "etag": "W/\"d28c8aaa-052f-4146-aa0f-ae94114e223b\"",
                        "properties": {
                            "provisioningState": "Succeeded",
                            "frontendIPConfiguration": {
                                "id": "[concat(resourceId('Microsoft.Network/loadBalancers', parameters('loadBalancers_db_lb_name')), concat('/frontendIPConfigurations/', parameters('loadBalancers_db_lb_name')))]"
                            },
                            "frontendPort": 30014,
                            "backendPort": 30014,
                            "enableFloatingIP": true,
                            "idleTimeoutInMinutes": 30,
                            "protocol": "Tcp",
                            "enableTcpReset": false,
                            "loadDistribution": "Default",
                            "backendAddressPool": {
                                "id": "[concat(resourceId('Microsoft.Network/loadBalancers', parameters('loadBalancers_db_lb_name')), '/backendAddressPools/db-pool')]"
                            },
                            "probe": {
                                "id": "[concat(resourceId('Microsoft.Network/loadBalancers', parameters('loadBalancers_db_lb_name')), '/probes/healthProbeDB_62500')]"
                            }
                        }
                    },
                    {
                        "name": "systemdb_50013",
                        "etag": "W/\"d28c8aaa-052f-4146-aa0f-ae94114e223b\"",
                        "properties": {
                            "provisioningState": "Succeeded",
                            "frontendIPConfiguration": {
                                "id": "[concat(resourceId('Microsoft.Network/loadBalancers', parameters('loadBalancers_db_lb_name')), concat('/frontendIPConfigurations/', parameters('loadBalancers_db_lb_name')))]"
                            },
                            "frontendPort": 50013,
                            "backendPort": 50013,
                            "enableFloatingIP": true,
                            "idleTimeoutInMinutes": 30,
                            "protocol": "Tcp",
                            "enableTcpReset": false,
                            "loadDistribution": "Default",
                            "backendAddressPool": {
                                "id": "[concat(resourceId('Microsoft.Network/loadBalancers', parameters('loadBalancers_db_lb_name')), '/backendAddressPools/db-pool')]"
                            },
                            "probe": {
                                "id": "[concat(resourceId('Microsoft.Network/loadBalancers', parameters('loadBalancers_db_lb_name')), '/probes/healthProbeDB_62500')]"
                            }
                        }
                    },
                    {
                        "name": "sgh_30007",
                        "etag": "W/\"d28c8aaa-052f-4146-aa0f-ae94114e223b\"",
                        "properties": {
                            "provisioningState": "Succeeded",
                            "frontendIPConfiguration": {
                                "id": "[concat(resourceId('Microsoft.Network/loadBalancers', parameters('loadBalancers_db_lb_name')), concat('/frontendIPConfigurations/', parameters('loadBalancers_db_lb_name')))]"
                            },
                            "frontendPort": 30007,
                            "backendPort": 30007,
                            "enableFloatingIP": true,
                            "idleTimeoutInMinutes": 30,
                            "protocol": "Tcp",
                            "enableTcpReset": false,
                            "loadDistribution": "Default",
                            "backendAddressPool": {
                                "id": "[concat(resourceId('Microsoft.Network/loadBalancers', parameters('loadBalancers_db_lb_name')), '/backendAddressPools/db-pool')]"
                            },
                            "probe": {
                                "id": "[concat(resourceId('Microsoft.Network/loadBalancers', parameters('loadBalancers_db_lb_name')), '/probes/healthProbeDB_62500')]"
                            }
                        }
                    },
                    {
                        "name": "sgh_30003",
                        "etag": "W/\"d28c8aaa-052f-4146-aa0f-ae94114e223b\"",
                        "properties": {
                            "provisioningState": "Succeeded",
                            "frontendIPConfiguration": {
                                "id": "[concat(resourceId('Microsoft.Network/loadBalancers', parameters('loadBalancers_db_lb_name')), concat('/frontendIPConfigurations/', parameters('loadBalancers_db_lb_name')))]"
                            },
                            "frontendPort": 30003,
                            "backendPort": 30003,
                            "enableFloatingIP": true,
                            "idleTimeoutInMinutes": 30,
                            "protocol": "Tcp",
                            "enableTcpReset": false,
                            "loadDistribution": "Default",
                            "backendAddressPool": {
                                "id": "[concat(resourceId('Microsoft.Network/loadBalancers', parameters('loadBalancers_db_lb_name')), '/backendAddressPools/db-pool')]"
                            },
                            "probe": {
                                "id": "[concat(resourceId('Microsoft.Network/loadBalancers', parameters('loadBalancers_db_lb_name')), '/probes/healthProbeDB_62500')]"
                            }
                        }
                    }
                ],
                "probes": [
                    {
                        "name": "healthProbeDB_62500",
                        "etag": "W/\"d28c8aaa-052f-4146-aa0f-ae94114e223b\"",
                        "properties": {
                            "provisioningState": "Succeeded",
                            "protocol": "Tcp",
                            "port": 62500,
                            "intervalInSeconds": 5,
                            "numberOfProbes": 2
                        }
                    }
                ],
                "inboundNatRules": [],
                "inboundNatPools": []
            }
        }
    ]
}