{
    "$schema": "https://schema.management.azure.com/schemas/2015-01-01/deploymentParameters.json#",
    "contentVersion": "1.0.0.0",
    "parameters": {
        "networkInterfaces_jbvm1147_name": {
            "value": null
        },
        "networkInterfaces_aasvm1484_name": {
            "value": null
        },
        "networkInterfaces_pasvm1731_name": {
            "value": null
        },
        "networkInterfaces_ascsvm1982_name": {
            "value": null
        },
        "networkInterfaces_ascsvm2788_name": {
            "value": null
        },
        "networkInterfaces_hanavm1421_name": {
            "value": null
        },
        "networkInterfaces_hanavm2421_name": {
            "value": null
        },
        "networkInterfaces_iscsivm1800_name": {
            "value": null
        },
        "networkInterfaces_iscsivm2800_name": {
            "value": null
        },
        "networkInterfaces_iscsivm3800_name": {
            "value": null
        },
        "publicIPAddresses_aasvm1_ip_externalid": {
            "value": null
        },
        "virtualNetworks_vnet_externalid": {
            "value": null
        },
        "networkSecurityGroups_aasvm1_nsg_externalid": {
            "value": null
        },
        "publicIPAddresses_ascsvm1_ip_externalid": {
            "value": null
        },
        "loadBalancers_ascs_lb_externalid": {
            "value": null
        },
        "networkSecurityGroups_ascsvm1_nsg_externalid": {
            "value": null
        },
        "publicIPAddresses_ascsvm2_ip_externalid": {
            "value": null
        },
        "networkSecurityGroups_ascsvm2_nsg_externalid": {
            "value": null
        },
        "publicIPAddresses_hanavm1_ip_externalid": {
            "value": null
        },
        "loadBalancers_db_lb_externalid": {
            "value": null
        },
        "networkSecurityGroups_hanavm1_nsg_externalid": {
            "value": null
        },
        "publicIPAddresses_hanavm2_ip_externalid": {
            "value": null
        },
        "networkSecurityGroups_hanavm2_nsg_externalid": {
            "value": null
        },
        "publicIPAddresses_iscsivm1_ip_externalid": {
            "value": null
        },
        "networkSecurityGroups_iscsivm1_nsg_externalid": {
            "value": null
        },
        "publicIPAddresses_iscsivm2_ip_externalid": {
            "value": null
        },
        "networkSecurityGroups_iscsivm2_nsg_externalid": {
            "value": null
        },
        "publicIPAddresses_iscsivm3_ip_externalid": {
            "value": null
        },
        "networkSecurityGroups_iscsivm3_nsg_externalid": {
            "value": null
        },
        "publicIPAddresses_jbvm1_ip_externalid": {
            "value": null
        },
        "networkSecurityGroups_jbvm1_nsg_externalid": {
            "value": null
        },
        "publicIPAddresses_pasvm1_ip_externalid": {
            "value": null
        },
        "networkSecurityGroups_pasvm1_nsg_externalid": {
            "value": null
        }
    }
}