{
    "$schema": "https://schema.management.azure.com/schemas/2015-01-01/deploymentTemplate.json#",
    "contentVersion": "1.0.0.0",
    "parameters": {
        "networkInterfaces_jbvm1147_name": {
            "defaultValue": "jbvm1147",
            "type": "String"
        },
        "networkInterfaces_aasvm1484_name": {
            "defaultValue": "aasvm1484",
            "type": "String"
        },
        "networkInterfaces_pasvm1731_name": {
            "defaultValue": "pasvm1731",
            "type": "String"
        },
        "networkInterfaces_ascsvm1982_name": {
            "defaultValue": "ascsvm1982",
            "type": "String"
        },
        "networkInterfaces_ascsvm2788_name": {
            "defaultValue": "ascsvm2788",
            "type": "String"
        },
        "networkInterfaces_hanavm1421_name": {
            "defaultValue": "hanavm1421",
            "type": "String"
        },
        "networkInterfaces_hanavm2421_name": {
            "defaultValue": "hanavm2421",
            "type": "String"
        },
        "networkInterfaces_iscsivm1800_name": {
            "defaultValue": "iscsivm1800",
            "type": "String"
        },
        "networkInterfaces_iscsivm2800_name": {
            "defaultValue": "iscsivm2800",
            "type": "String"
        },
        "networkInterfaces_iscsivm3800_name": {
            "defaultValue": "iscsivm3800",
            "type": "String"
        },
        "publicIPAddresses_aasvm1_ip_externalid": {
            "defaultValue": "/subscriptions/EnterYourSubscription/resourceGroups/EnterYourResourceGroup/providers/Microsoft.Network/publicIPAddresses/aasvm1-ip",
            "type": "String"
        },
        "virtualNetworks_vnet_externalid": {
            "defaultValue": "/subscriptions/EnterYourSubscription/resourceGroups/EnterYourResourceGroup/providers/Microsoft.Network/virtualNetworks/vnet",
            "type": "String"
        },
        "networkSecurityGroups_aasvm1_nsg_externalid": {
            "defaultValue": "/subscriptions/EnterYourSubscription/resourceGroups/EnterYourResourceGroup/providers/Microsoft.Network/networkSecurityGroups/aasvm1-nsg",
            "type": "String"
        },
        "publicIPAddresses_ascsvm1_ip_externalid": {
            "defaultValue": "/subscriptions/EnterYourSubscription/resourceGroups/EnterYourResourceGroup/providers/Microsoft.Network/publicIPAddresses/ascsvm1-ip",
            "type": "String"
        },
        "loadBalancers_ascs_lb_externalid": {
            "defaultValue": "/subscriptions/EnterYourSubscription/resourceGroups/EnterYourResourceGroup/providers/Microsoft.Network/loadBalancers/ascs-lb",
            "type": "String"
        },
        "networkSecurityGroups_ascsvm1_nsg_externalid": {
            "defaultValue": "/subscriptions/EnterYourSubscription/resourceGroups/EnterYourResourceGroup/providers/Microsoft.Network/networkSecurityGroups/ascsvm1-nsg",
            "type": "String"
        },
        "publicIPAddresses_ascsvm2_ip_externalid": {
            "defaultValue": "/subscriptions/EnterYourSubscription/resourceGroups/EnterYourResourceGroup/providers/Microsoft.Network/publicIPAddresses/ascsvm2-ip",
            "type": "String"
        },
        "networkSecurityGroups_ascsvm2_nsg_externalid": {
            "defaultValue": "/subscriptions/EnterYourSubscription/resourceGroups/EnterYourResourceGroup/providers/Microsoft.Network/networkSecurityGroups/ascsvm2-nsg",
            "type": "String"
        },
        "publicIPAddresses_hanavm1_ip_externalid": {
            "defaultValue": "/subscriptions/EnterYourSubscription/resourceGroups/EnterYourResourceGroup/providers/Microsoft.Network/publicIPAddresses/hanavm1-ip",
            "type": "String"
        },
        "loadBalancers_db_lb_externalid": {
            "defaultValue": "/subscriptions/EnterYourSubscription/resourceGroups/EnterYourResourceGroup/providers/Microsoft.Network/loadBalancers/db-lb",
            "type": "String"
        },
        "networkSecurityGroups_hanavm1_nsg_externalid": {
            "defaultValue": "/subscriptions/EnterYourSubscription/resourceGroups/EnterYourResourceGroup/providers/Microsoft.Network/networkSecurityGroups/hanavm1-nsg",
            "type": "String"
        },
        "publicIPAddresses_hanavm2_ip_externalid": {
            "defaultValue": "/subscriptions/EnterYourSubscription/resourceGroups/EnterYourResourceGroup/providers/Microsoft.Network/publicIPAddresses/hanavm2-ip",
            "type": "String"
        },
        "networkSecurityGroups_hanavm2_nsg_externalid": {
            "defaultValue": "/subscriptions/EnterYourSubscription/resourceGroups/EnterYourResourceGroup/providers/Microsoft.Network/networkSecurityGroups/hanavm2-nsg",
            "type": "String"
        },
        "publicIPAddresses_iscsivm1_ip_externalid": {
            "defaultValue": "/subscriptions/EnterYourSubscription/resourceGroups/EnterYourResourceGroup/providers/Microsoft.Network/publicIPAddresses/iscsivm1-ip",
            "type": "String"
        },
        "networkSecurityGroups_iscsivm1_nsg_externalid": {
            "defaultValue": "/subscriptions/EnterYourSubscription/resourceGroups/EnterYourResourceGroup/providers/Microsoft.Network/networkSecurityGroups/iscsivm1-nsg",
            "type": "String"
        },
        "publicIPAddresses_iscsivm2_ip_externalid": {
            "defaultValue": "/subscriptions/EnterYourSubscription/resourceGroups/EnterYourResourceGroup/providers/Microsoft.Network/publicIPAddresses/iscsivm2-ip",
            "type": "String"
        },
        "networkSecurityGroups_iscsivm2_nsg_externalid": {
            "defaultValue": "/subscriptions/EnterYourSubscription/resourceGroups/EnterYourResourceGroup/providers/Microsoft.Network/networkSecurityGroups/iscsivm2-nsg",
            "type": "String"
        },
        "publicIPAddresses_iscsivm3_ip_externalid": {
            "defaultValue": "/subscriptions/EnterYourSubscription/resourceGroups/EnterYourResourceGroup/providers/Microsoft.Network/publicIPAddresses/iscsivm3-ip",
            "type": "String"
        },
        "networkSecurityGroups_iscsivm3_nsg_externalid": {
            "defaultValue": "/subscriptions/EnterYourSubscription/resourceGroups/EnterYourResourceGroup/providers/Microsoft.Network/networkSecurityGroups/iscsivm3-nsg",
            "type": "String"
        },
        "publicIPAddresses_jbvm1_ip_externalid": {
            "defaultValue": "/subscriptions/EnterYourSubscription/resourceGroups/EnterYourResourceGroup/providers/Microsoft.Network/publicIPAddresses/jbvm1-ip",
            "type": "String"
        },
        "networkSecurityGroups_jbvm1_nsg_externalid": {
            "defaultValue": "/subscriptions/EnterYourSubscription/resourceGroups/EnterYourResourceGroup/providers/Microsoft.Network/networkSecurityGroups/jbvm1-nsg",
            "type": "String"
        },
        "publicIPAddresses_pasvm1_ip_externalid": {
            "defaultValue": "/subscriptions/EnterYourSubscription/resourceGroups/EnterYourResourceGroup/providers/Microsoft.Network/publicIPAddresses/pasvm1-ip",
            "type": "String"
        },
        "networkSecurityGroups_pasvm1_nsg_externalid": {
            "defaultValue": "/subscriptions/EnterYourSubscription/resourceGroups/EnterYourResourceGroup/providers/Microsoft.Network/networkSecurityGroups/pasvm1-nsg",
            "type": "String"
        }
    },
    "variables": {},
    "resources": [
        {
            "type": "Microsoft.Network/networkInterfaces",
            "apiVersion": "2019-02-01",
            "name": "[parameters('networkInterfaces_aasvm1484_name')]",
            "location": "westus2",
            "properties": {
                "provisioningState": "Succeeded",
                "resourceGuid": "54214f5a-93b9-42eb-9be1-c67ae795bba7",
                "ipConfigurations": [
                    {
                        "name": "ipconfig1",
                        "etag": "W/\"263da0ab-c67e-47fa-8e69-578dfa02ef20\"",
                        "properties": {
                            "provisioningState": "Succeeded",
                            "privateIPAddress": "10.15.1.9",
                            "privateIPAllocationMethod": "Static",
                            "publicIPAddress": {
                                "id": "[parameters('publicIPAddresses_aasvm1_ip_externalid')]"
                            },
                            "subnet": {
                                "id": "[concat(parameters('virtualNetworks_vnet_externalid'), '/subnets/application')]"
                            },
                            "primary": true,
                            "privateIPAddressVersion": "IPv4"
                        }
                    }
                ],
                "dnsSettings": {
                    "dnsServers": [],
                    "appliedDnsServers": [],
                    "internalDomainNameSuffix": "5kiygnw0by3u1ni44s5ijdvf1h.xx.internal.cloudapp.net"
                },
                "macAddress": "00-0D-3A-6E-4F-0E",
                "enableAcceleratedNetworking": true,
                "enableIPForwarding": false,
                "networkSecurityGroup": {
                    "id": "[parameters('networkSecurityGroups_aasvm1_nsg_externalid')]"
                },
                "primary": true,
                "tapConfigurations": []
            }
        },
        {
            "type": "Microsoft.Network/networkInterfaces",
            "apiVersion": "2019-02-01",
            "name": "[parameters('networkInterfaces_ascsvm1982_name')]",
            "location": "westus2",
            "properties": {
                "provisioningState": "Succeeded",
                "resourceGuid": "6b9d4252-5d16-4b25-bf1d-fd12c50effc2",
                "ipConfigurations": [
                    {
                        "name": "ipconfig1",
                        "etag": "W/\"74867eaa-a8e4-45ec-b864-baf9c71ba7ab\"",
                        "properties": {
                            "provisioningState": "Succeeded",
                            "privateIPAddress": "10.15.1.6",
                            "privateIPAllocationMethod": "Static",
                            "publicIPAddress": {
                                "id": "[parameters('publicIPAddresses_ascsvm1_ip_externalid')]"
                            },
                            "subnet": {
                                "id": "[concat(parameters('virtualNetworks_vnet_externalid'), '/subnets/application')]"
                            },
                            "primary": true,
                            "privateIPAddressVersion": "IPv4",
                            "loadBalancerBackendAddressPools": [
                                {
                                    "id": "[concat(parameters('loadBalancers_ascs_lb_externalid'), '/backendAddressPools/ascsers-pool')]"
                                }
                            ]
                        }
                    }
                ],
                "dnsSettings": {
                    "dnsServers": [],
                    "appliedDnsServers": [],
                    "internalDomainNameSuffix": "5kiygnw0by3u1ni44s5ijdvf1h.xx.internal.cloudapp.net"
                },
                "macAddress": "00-0D-3A-FD-F1-73",
                "enableAcceleratedNetworking": false,
                "enableIPForwarding": false,
                "networkSecurityGroup": {
                    "id": "[parameters('networkSecurityGroups_ascsvm1_nsg_externalid')]"
                },
                "primary": true,
                "tapConfigurations": []
            }
        },
        {
            "type": "Microsoft.Network/networkInterfaces",
            "apiVersion": "2019-02-01",
            "name": "[parameters('networkInterfaces_ascsvm2788_name')]",
            "location": "westus2",
            "properties": {
                "provisioningState": "Succeeded",
                "resourceGuid": "9d3e0c2a-90a9-4c02-8d46-5d3a3cc4cbb3",
                "ipConfigurations": [
                    {
                        "name": "ipconfig1",
                        "etag": "W/\"25e05fca-7497-4c6b-9d47-d3a763763298\"",
                        "properties": {
                            "provisioningState": "Succeeded",
                            "privateIPAddress": "10.15.1.7",
                            "privateIPAllocationMethod": "Static",
                            "publicIPAddress": {
                                "id": "[parameters('publicIPAddresses_ascsvm2_ip_externalid')]"
                            },
                            "subnet": {
                                "id": "[concat(parameters('virtualNetworks_vnet_externalid'), '/subnets/application')]"
                            },
                            "primary": true,
                            "privateIPAddressVersion": "IPv4",
                            "loadBalancerBackendAddressPools": [
                                {
                                    "id": "[concat(parameters('loadBalancers_ascs_lb_externalid'), '/backendAddressPools/ascsers-pool')]"
                                }
                            ]
                        }
                    }
                ],
                "dnsSettings": {
                    "dnsServers": [],
                    "appliedDnsServers": [],
                    "internalDomainNameSuffix": "5kiygnw0by3u1ni44s5ijdvf1h.xx.internal.cloudapp.net"
                },
                "macAddress": "00-0D-3A-F9-71-55",
                "enableAcceleratedNetworking": false,
                "enableIPForwarding": false,
                "networkSecurityGroup": {
                    "id": "[parameters('networkSecurityGroups_ascsvm2_nsg_externalid')]"
                },
                "primary": true,
                "tapConfigurations": []
            }
        },
        {
            "type": "Microsoft.Network/networkInterfaces",
            "apiVersion": "2019-02-01",
            "name": "[parameters('networkInterfaces_hanavm1421_name')]",
            "location": "westus2",
            "properties": {
                "provisioningState": "Succeeded",
                "resourceGuid": "3065eba9-1908-40a3-8127-30674c94f00b",
                "ipConfigurations": [
                    {
                        "name": "ipconfig1",
                        "etag": "W/\"b417f5c6-b1bb-4535-832f-07b8732b1ab9\"",
                        "properties": {
                            "provisioningState": "Succeeded",
                            "privateIPAddress": "10.15.2.6",
                            "privateIPAllocationMethod": "Static",
                            "publicIPAddress": {
                                "id": "[parameters('publicIPAddresses_hanavm1_ip_externalid')]"
                            },
                            "subnet": {
                                "id": "[concat(parameters('virtualNetworks_vnet_externalid'), '/subnets/database')]"
                            },
                            "primary": true,
                            "privateIPAddressVersion": "IPv4",
                            "loadBalancerBackendAddressPools": [
                                {
                                    "id": "[concat(parameters('loadBalancers_db_lb_externalid'), '/backendAddressPools/db-pool')]"
                                }
                            ]
                        }
                    }
                ],
                "dnsSettings": {
                    "dnsServers": [],
                    "appliedDnsServers": [],
                    "internalDomainNameSuffix": "5kiygnw0by3u1ni44s5ijdvf1h.xx.internal.cloudapp.net"
                },
                "macAddress": "00-0D-3A-6C-FA-58",
                "enableAcceleratedNetworking": true,
                "enableIPForwarding": false,
                "networkSecurityGroup": {
                    "id": "[parameters('networkSecurityGroups_hanavm1_nsg_externalid')]"
                },
                "primary": true,
                "tapConfigurations": []
            }
        },
        {
            "type": "Microsoft.Network/networkInterfaces",
            "apiVersion": "2019-02-01",
            "name": "[parameters('networkInterfaces_hanavm2421_name')]",
            "location": "westus2",
            "properties": {
                "provisioningState": "Succeeded",
                "resourceGuid": "4af7108e-8b38-4c80-a79f-2812bb317152",
                "ipConfigurations": [
                    {
                        "name": "ipconfig1",
                        "etag": "W/\"71092d99-dc35-4085-a6e0-579279d79623\"",
                        "properties": {
                            "provisioningState": "Succeeded",
                            "privateIPAddress": "10.15.2.7",
                            "privateIPAllocationMethod": "Static",
                            "publicIPAddress": {
                                "id": "[parameters('publicIPAddresses_hanavm2_ip_externalid')]"
                            },
                            "subnet": {
                                "id": "[concat(parameters('virtualNetworks_vnet_externalid'), '/subnets/database')]"
                            },
                            "primary": true,
                            "privateIPAddressVersion": "IPv4",
                            "loadBalancerBackendAddressPools": [
                                {
                                    "id": "[concat(parameters('loadBalancers_db_lb_externalid'), '/backendAddressPools/db-pool')]"
                                }
                            ]
                        }
                    }
                ],
                "dnsSettings": {
                    "dnsServers": [],
                    "appliedDnsServers": [],
                    "internalDomainNameSuffix": "5kiygnw0by3u1ni44s5ijdvf1h.xx.internal.cloudapp.net"
                },
                "macAddress": "00-0D-3A-6C-E2-29",
                "enableAcceleratedNetworking": true,
                "enableIPForwarding": false,
                "networkSecurityGroup": {
                    "id": "[parameters('networkSecurityGroups_hanavm2_nsg_externalid')]"
                },
                "primary": true,
                "tapConfigurations": []
            }
        },
        {
            "type": "Microsoft.Network/networkInterfaces",
            "apiVersion": "2019-02-01",
            "name": "[parameters('networkInterfaces_iscsivm1800_name')]",
            "location": "westus2",
            "properties": {
                "provisioningState": "Succeeded",
                "resourceGuid": "bb0bbe11-79a1-43ab-9f2a-e5009d7aba6f",
                "ipConfigurations": [
                    {
                        "name": "ipconfig1",
                        "etag": "W/\"89a05a2a-6af6-4610-b679-49efb75f4a1a\"",
                        "properties": {
                            "provisioningState": "Succeeded",
                            "privateIPAddress": "10.15.1.11",
                            "privateIPAllocationMethod": "Static",
                            "publicIPAddress": {
                                "id": "[parameters('publicIPAddresses_iscsivm1_ip_externalid')]"
                            },
                            "subnet": {
                                "id": "[concat(parameters('virtualNetworks_vnet_externalid'), '/subnets/application')]"
                            },
                            "primary": true,
                            "privateIPAddressVersion": "IPv4"
                        }
                    }
                ],
                "dnsSettings": {
                    "dnsServers": [],
                    "appliedDnsServers": [],
                    "internalDomainNameSuffix": "5kiygnw0by3u1ni44s5ijdvf1h.xx.internal.cloudapp.net"
                },
                "macAddress": "00-0D-3A-6C-BE-75",
                "enableAcceleratedNetworking": false,
                "enableIPForwarding": false,
                "networkSecurityGroup": {
                    "id": "[parameters('networkSecurityGroups_iscsivm1_nsg_externalid')]"
                },
                "primary": true,
                "tapConfigurations": []
            }
        },
        {
            "type": "Microsoft.Network/networkInterfaces",
            "apiVersion": "2019-02-01",
            "name": "[parameters('networkInterfaces_iscsivm2800_name')]",
            "location": "westus2",
            "properties": {
                "provisioningState": "Succeeded",
                "resourceGuid": "87d81365-a4e7-434c-8109-2347c3901275",
                "ipConfigurations": [
                    {
                        "name": "ipconfig1",
                        "etag": "W/\"dc606949-d437-454f-ab7a-ef09cab09883\"",
                        "properties": {
                            "provisioningState": "Succeeded",
                            "privateIPAddress": "10.15.1.12",
                            "privateIPAllocationMethod": "Static",
                            "publicIPAddress": {
                                "id": "[parameters('publicIPAddresses_iscsivm2_ip_externalid')]"
                            },
                            "subnet": {
                                "id": "[concat(parameters('virtualNetworks_vnet_externalid'), '/subnets/application')]"
                            },
                            "primary": true,
                            "privateIPAddressVersion": "IPv4"
                        }
                    }
                ],
                "dnsSettings": {
                    "dnsServers": [],
                    "appliedDnsServers": [],
                    "internalDomainNameSuffix": "5kiygnw0by3u1ni44s5ijdvf1h.xx.internal.cloudapp.net"
                },
                "macAddress": "00-0D-3A-6D-71-EC",
                "enableAcceleratedNetworking": false,
                "enableIPForwarding": false,
                "networkSecurityGroup": {
                    "id": "[parameters('networkSecurityGroups_iscsivm2_nsg_externalid')]"
                },
                "primary": true,
                "tapConfigurations": []
            }
        },
        {
            "type": "Microsoft.Network/networkInterfaces",
            "apiVersion": "2019-02-01",
            "name": "[parameters('networkInterfaces_iscsivm3800_name')]",
            "location": "westus2",
            "properties": {
                "provisioningState": "Succeeded",
                "resourceGuid": "a4a48782-9b04-4872-8da0-95860aa0fd9a",
                "ipConfigurations": [
                    {
                        "name": "ipconfig1",
                        "etag": "W/\"1f364012-c129-4590-8561-d1e26b0b2ac0\"",
                        "properties": {
                            "provisioningState": "Succeeded",
                            "privateIPAddress": "10.15.1.13",
                            "privateIPAllocationMethod": "Static",
                            "publicIPAddress": {
                                "id": "[parameters('publicIPAddresses_iscsivm3_ip_externalid')]"
                            },
                            "subnet": {
                                "id": "[concat(parameters('virtualNetworks_vnet_externalid'), '/subnets/application')]"
                            },
                            "primary": true,
                            "privateIPAddressVersion": "IPv4"
                        }
                    }
                ],
                "dnsSettings": {
                    "dnsServers": [],
                    "appliedDnsServers": [],
                    "internalDomainNameSuffix": "5kiygnw0by3u1ni44s5ijdvf1h.xx.internal.cloudapp.net"
                },
                "macAddress": "00-0D-3A-6D-75-95",
                "enableAcceleratedNetworking": false,
                "enableIPForwarding": false,
                "networkSecurityGroup": {
                    "id": "[parameters('networkSecurityGroups_iscsivm3_nsg_externalid')]"
                },
                "primary": true,
                "tapConfigurations": []
            }
        },
        {
            "type": "Microsoft.Network/networkInterfaces",
            "apiVersion": "2019-02-01",
            "name": "[parameters('networkInterfaces_jbvm1147_name')]",
            "location": "westus2",
            "properties": {
                "provisioningState": "Succeeded",
                "resourceGuid": "a04088de-0374-4e12-aea1-37157639fb98",
                "ipConfigurations": [
                    {
                        "name": "ipconfig1",
                        "etag": "W/\"1c6307e6-0d66-400b-b273-afd752a7410d\"",
                        "properties": {
                            "provisioningState": "Succeeded",
                            "privateIPAddress": "10.15.1.20",
                            "privateIPAllocationMethod": "Static",
                            "publicIPAddress": {
                                "id": "[parameters('publicIPAddresses_jbvm1_ip_externalid')]"
                            },
                            "subnet": {
                                "id": "[concat(parameters('virtualNetworks_vnet_externalid'), '/subnets/application')]"
                            },
                            "primary": true,
                            "privateIPAddressVersion": "IPv4"
                        }
                    }
                ],
                "dnsSettings": {
                    "dnsServers": [],
                    "appliedDnsServers": [],
                    "internalDomainNameSuffix": "5kiygnw0by3u1ni44s5ijdvf1h.xx.internal.cloudapp.net"
                },
                "macAddress": "00-0D-3A-01-5E-89",
                "enableAcceleratedNetworking": true,
                "enableIPForwarding": false,
                "networkSecurityGroup": {
                    "id": "[parameters('networkSecurityGroups_jbvm1_nsg_externalid')]"
                },
                "primary": true,
                "tapConfigurations": []
            }
        },
        {
            "type": "Microsoft.Network/networkInterfaces",
            "apiVersion": "2019-02-01",
            "name": "[parameters('networkInterfaces_pasvm1731_name')]",
            "location": "westus2",
            "properties": {
                "provisioningState": "Succeeded",
                "resourceGuid": "00cbb5d4-f408-494c-ad0c-32c888302c8a",
                "ipConfigurations": [
                    {
                        "name": "ipconfig1",
                        "etag": "W/\"7f6b45ad-7026-4980-a00a-bc4976346b34\"",
                        "properties": {
                            "provisioningState": "Succeeded",
                            "privateIPAddress": "10.15.1.8",
                            "privateIPAllocationMethod": "Static",
                            "publicIPAddress": {
                                "id": "[parameters('publicIPAddresses_pasvm1_ip_externalid')]"
                            },
                            "subnet": {
                                "id": "[concat(parameters('virtualNetworks_vnet_externalid'), '/subnets/application')]"
                            },
                            "primary": true,
                            "privateIPAddressVersion": "IPv4"
                        }
                    }
                ],
                "dnsSettings": {
                    "dnsServers": [],
                    "appliedDnsServers": [],
                    "internalDomainNameSuffix": "5kiygnw0by3u1ni44s5ijdvf1h.xx.internal.cloudapp.net"
                },
                "macAddress": "00-0D-3A-06-8C-8E",
                "enableAcceleratedNetworking": true,
                "enableIPForwarding": false,
                "networkSecurityGroup": {
                    "id": "[parameters('networkSecurityGroups_pasvm1_nsg_externalid')]"
                },
                "primary": true,
                "tapConfigurations": []
            }
        }
    ]
}