{
    "$schema": "https://schema.management.azure.com/schemas/2015-01-01/deploymentTemplate.json#",
    "contentVersion": "1.0.0.0",
    "parameters": {
        "virtualNetworks_vnet_name": {
            "defaultValue": "vnet",
            "type": "String"
        }
    },
    "variables": {},
    "resources": [
        {
            "type": "Microsoft.Network/virtualNetworks",
            "apiVersion": "2019-02-01",
            "name": "[parameters('virtualNetworks_vnet_name')]",
            "location": "westus2",
            "properties": {
                "provisioningState": "Succeeded",
                "resourceGuid": "368391fa-0eda-4d3b-b51e-f4be848ea5df",
                "addressSpace": {
                    "addressPrefixes": [
                        "10.15.0.0/16"
                    ]
                },
                "subnets": [
                    {
                        "name": "application",
                        "etag": "W/\"0e8b1897-fdde-4997-b729-f15522a8b8d8\"",
                        "properties": {
                            "provisioningState": "Succeeded",
                            "addressPrefix": "10.15.1.0/24",
                            "delegations": []
                        }
                    },
                    {
                        "name": "database",
                        "etag": "W/\"0e8b1897-fdde-4997-b729-f15522a8b8d8\"",
                        "properties": {
                            "provisioningState": "Succeeded",
                            "addressPrefix": "10.15.2.0/24",
                            "serviceEndpoints": [],
                            "delegations": []
                        }
                    },
                    {
                        "name": "aznetappfiles",
                        "etag": "W/\"0e8b1897-fdde-4997-b729-f15522a8b8d8\"",
                        "properties": {
                            "provisioningState": "Succeeded",
                            "addressPrefix": "10.15.3.0/24",
                            "delegations": [
                                {
                                    "name": "NetAppDelegation",
                                    "etag": "W/\"0e8b1897-fdde-4997-b729-f15522a8b8d8\"",
                                    "properties": {
                                        "serviceName": "Microsoft.NetApp/volumes",
                                        "actions": [
                                            "Microsoft.Network/networkinterfaces/*",
                                            "Microsoft.Network/virtualNetworks/subnets/join/action"
                                        ]
                                    }
                                }
                            ]
                        }
                    }
                ],
                "virtualNetworkPeerings": [],
                "enableDdosProtection": false,
                "enableVmProtection": false
            }
        },
        {
            "type": "Microsoft.Network/virtualNetworks/subnets",
            "apiVersion": "2019-02-01",
            "name": "[concat(parameters('virtualNetworks_vnet_name'), '/application')]",
            "dependsOn": [
                "[resourceId('Microsoft.Network/virtualNetworks', parameters('virtualNetworks_vnet_name'))]"
            ],
            "properties": {
                "provisioningState": "Succeeded",
                "addressPrefix": "10.15.1.0/24",
                "delegations": []
            }
        },
        {
            "type": "Microsoft.Network/virtualNetworks/subnets",
            "apiVersion": "2019-02-01",
            "name": "[concat(parameters('virtualNetworks_vnet_name'), '/aznetappfiles')]",
            "dependsOn": [
                "[resourceId('Microsoft.Network/virtualNetworks', parameters('virtualNetworks_vnet_name'))]"
            ],
            "properties": {
                "provisioningState": "Succeeded",
                "addressPrefix": "10.15.3.0/24",
                "delegations": [
                    {
                        "name": "NetAppDelegation",
                        "etag": "W/\"0e8b1897-fdde-4997-b729-f15522a8b8d8\"",
                        "properties": {
                            "serviceName": "Microsoft.NetApp/volumes",
                            "actions": [
                                "Microsoft.Network/networkinterfaces/*",
                                "Microsoft.Network/virtualNetworks/subnets/join/action"
                            ]
                        }
                    }
                ]
            }
        },
        {
            "type": "Microsoft.Network/virtualNetworks/subnets",
            "apiVersion": "2019-02-01",
            "name": "[concat(parameters('virtualNetworks_vnet_name'), '/database')]",
            "dependsOn": [
                "[resourceId('Microsoft.Network/virtualNetworks', parameters('virtualNetworks_vnet_name'))]"
            ],
            "properties": {
                "provisioningState": "Succeeded",
                "addressPrefix": "10.15.2.0/24",
                "serviceEndpoints": [],
                "delegations": []
            }
        }
    ]
}