{
    "$schema": "https://schema.management.azure.com/schemas/2015-01-01/deploymentParameters.json#",
    "contentVersion": "1.0.0.0",
    "parameters": {
        "virtualMachines_jbvm1_name": {
            "value": null
        },
        "virtualMachines_aasvm1_name": {
            "value": null
        },
        "virtualMachines_pasvm1_name": {
            "value": null
        },
        "virtualMachines_ascsvm1_name": {
            "value": null
        },
        "virtualMachines_ascsvm2_name": {
            "value": null
        },
        "virtualMachines_hanavm1_name": {
            "value": null
        },
        "virtualMachines_hanavm2_name": {
            "value": null
        },
        "virtualMachines_iscsivm1_name": {
            "value": null
        },
        "virtualMachines_iscsivm2_name": {
            "value": null
        },
        "virtualMachines_iscsivm3_name": {
            "value": null
        },
        "availabilitySets_DIALOG_AVSET_externalid": {
            "value": null
        },
        "disks_aasvm1_OsDisk_1_0158f38ae2344ca68182b6a84e403534_externalid": {
            "value": null
        },
        "disks_aasvm1_usr_sap_externalid": {
            "value": null
        },
        "networkInterfaces_aasvm1484_externalid": {
            "value": null
        },
        "availabilitySets_ASCS_AVSET_externalid": {
            "value": null
        },
        "disks_ascsvm1_OsDisk_1_4cb224a08ee84e5cb7da23070237bbb6_externalid": {
            "value": null
        },
        "disks_ascsvm1_usr_sap_externalid": {
            "value": null
        },
        "networkInterfaces_ascsvm1982_externalid": {
            "value": null
        },
        "disks_ascsvm2_OsDisk_1_248be034d2374ddea78864973b9227d9_externalid": {
            "value": null
        },
        "disks_ascsvm2_usr_sap_externalid": {
            "value": null
        },
        "networkInterfaces_ascsvm2788_externalid": {
            "value": null
        },
        "availabilitySets_DB_AVSET_externalid": {
            "value": null
        },
        "disks_hanavm1_OsDisk_1_b767fa44e206489d885317957113533e_externalid": {
            "value": null
        },
        "disks_hanavm1_data_externalid": {
            "value": null
        },
        "disks_hanavm1_log_externalid": {
            "value": null
        },
        "disks_hanavm1_logbackup_externalid": {
            "value": null
        },
        "disks_hanavm1_shared_externalid": {
            "value": null
        },
        "networkInterfaces_hanavm1421_externalid": {
            "value": null
        },
        "disks_hanavm2_OsDisk_1_e2cc01fc5d314279a94c16f7010d8f75_externalid": {
            "value": null
        },
        "disks_hanavm2_data_externalid": {
            "value": null
        },
        "disks_hanavm2_log_externalid": {
            "value": null
        },
        "disks_hanavm2_logbackup_externalid": {
            "value": null
        },
        "disks_hanavm2_shared_externalid": {
            "value": null
        },
        "networkInterfaces_hanavm2421_externalid": {
            "value": null
        },
        "availabilitySets_ISCSI_AVSET_externalid": {
            "value": null
        },
        "disks_iscsivm1_OsDisk_1_ed22b39e73a1404d93414841bf9c86c7_externalid": {
            "value": null
        },
        "networkInterfaces_iscsivm1800_externalid": {
            "value": null
        },
        "disks_iscsivm2_OsDisk_1_0934e5bce6be40f880bea3e9dc9dcc17_externalid": {
            "value": null
        },
        "networkInterfaces_iscsivm2800_externalid": {
            "value": null
        },
        "disks_iscsivm3_OsDisk_1_1b25b847bb804fb59c5d3270280d7f76_externalid": {
            "value": null
        },
        "networkInterfaces_iscsivm3800_externalid": {
            "value": null
        },
        "disks_jbvm1_OsDisk_1_a0bfc411798f4c6c98633c11673a8f26_externalid": {
            "value": null
        },
        "disks_jbvm1_sapbits_externalid": {
            "value": null
        },
        "networkInterfaces_jbvm1147_externalid": {
            "value": null
        },
        "disks_pasvm1_OsDisk_1_5cc1877f65074d0dbc267a1df2d9b90c_externalid": {
            "value": null
        },
        "disks_pasvm1_usr_sap_externalid": {
            "value": null
        },
        "networkInterfaces_pasvm1731_externalid": {
            "value": null
        }
    }
}