{
    "$schema": "https://schema.management.azure.com/schemas/2015-01-01/deploymentTemplate.json#",
    "contentVersion": "1.0.0.0",
    "parameters": {
        "virtualMachines_jbvm1_name": {
            "defaultValue": "jbvm1",
            "type": "String"
        },
        "virtualMachines_aasvm1_name": {
            "defaultValue": "aasvm1",
            "type": "String"
        },
        "virtualMachines_pasvm1_name": {
            "defaultValue": "pasvm1",
            "type": "String"
        },
        "virtualMachines_ascsvm1_name": {
            "defaultValue": "ascsvm1",
            "type": "String"
        },
        "virtualMachines_ascsvm2_name": {
            "defaultValue": "ascsvm2",
            "type": "String"
        },
        "virtualMachines_hanavm1_name": {
            "defaultValue": "hanavm1",
            "type": "String"
        },
        "virtualMachines_hanavm2_name": {
            "defaultValue": "hanavm2",
            "type": "String"
        },
        "virtualMachines_iscsivm1_name": {
            "defaultValue": "iscsivm1",
            "type": "String"
        },
        "virtualMachines_iscsivm2_name": {
            "defaultValue": "iscsivm2",
            "type": "String"
        },
        "virtualMachines_iscsivm3_name": {
            "defaultValue": "iscsivm3",
            "type": "String"
        },
        "availabilitySets_DIALOG_AVSET_externalid": {
            "defaultValue": "/subscriptions/EnterYourSubscription/resourceGroups/EnterYourResourceGroup/providers/Microsoft.Compute/availabilitySets/DIALOG-AVSET",
            "type": "String"
        },
        "disks_aasvm1_OsDisk_1_0158f38ae2344ca68182b6a84e403534_externalid": {
            "defaultValue": "/subscriptions/EnterYourSubscription/resourceGroups/EnterYourResourceGroup/providers/Microsoft.Compute/disks/aasvm1_OsDisk_1_0158f38ae2344ca68182b6a84e403534",
            "type": "String"
        },
        "disks_aasvm1_usr_sap_externalid": {
            "defaultValue": "/subscriptions/EnterYourSubscription/resourceGroups/EnterYourResourceGroup/providers/Microsoft.Compute/disks/aasvm1_usr_sap",
            "type": "String"
        },
        "networkInterfaces_aasvm1484_externalid": {
            "defaultValue": "/subscriptions/EnterYourSubscription/resourceGroups/EnterYourResourceGroup/providers/Microsoft.Network/networkInterfaces/aasvm1484",
            "type": "String"
        },
        "availabilitySets_ASCS_AVSET_externalid": {
            "defaultValue": "/subscriptions/EnterYourSubscription/resourceGroups/EnterYourResourceGroup/providers/Microsoft.Compute/availabilitySets/ASCS-AVSET",
            "type": "String"
        },
        "disks_ascsvm1_OsDisk_1_4cb224a08ee84e5cb7da23070237bbb6_externalid": {
            "defaultValue": "/subscriptions/EnterYourSubscription/resourceGroups/EnterYourResourceGroup/providers/Microsoft.Compute/disks/ascsvm1_OsDisk_1_4cb224a08ee84e5cb7da23070237bbb6",
            "type": "String"
        },
        "disks_ascsvm1_usr_sap_externalid": {
            "defaultValue": "/subscriptions/EnterYourSubscription/resourceGroups/EnterYourResourceGroup/providers/Microsoft.Compute/disks/ascsvm1_usr_sap",
            "type": "String"
        },
        "networkInterfaces_ascsvm1982_externalid": {
            "defaultValue": "/subscriptions/EnterYourSubscription/resourceGroups/EnterYourResourceGroup/providers/Microsoft.Network/networkInterfaces/ascsvm1982",
            "type": "String"
        },
        "disks_ascsvm2_OsDisk_1_248be034d2374ddea78864973b9227d9_externalid": {
            "defaultValue": "/subscriptions/EnterYourSubscription/resourceGroups/EnterYourResourceGroup/providers/Microsoft.Compute/disks/ascsvm2_OsDisk_1_248be034d2374ddea78864973b9227d9",
            "type": "String"
        },
        "disks_ascsvm2_usr_sap_externalid": {
            "defaultValue": "/subscriptions/EnterYourSubscription/resourceGroups/EnterYourResourceGroup/providers/Microsoft.Compute/disks/ascsvm2_usr_sap",
            "type": "String"
        },
        "networkInterfaces_ascsvm2788_externalid": {
            "defaultValue": "/subscriptions/EnterYourSubscription/resourceGroups/EnterYourResourceGroup/providers/Microsoft.Network/networkInterfaces/ascsvm2788",
            "type": "String"
        },
        "availabilitySets_DB_AVSET_externalid": {
            "defaultValue": "/subscriptions/EnterYourSubscription/resourceGroups/EnterYourResourceGroup/providers/Microsoft.Compute/availabilitySets/DB-AVSET",
            "type": "String"
        },
        "disks_hanavm1_OsDisk_1_b767fa44e206489d885317957113533e_externalid": {
            "defaultValue": "/subscriptions/EnterYourSubscription/resourceGroups/EnterYourResourceGroup/providers/Microsoft.Compute/disks/hanavm1_OsDisk_1_b767fa44e206489d885317957113533e",
            "type": "String"
        },
        "disks_hanavm1_data_externalid": {
            "defaultValue": "/subscriptions/EnterYourSubscription/resourceGroups/EnterYourResourceGroup/providers/Microsoft.Compute/disks/hanavm1_data",
            "type": "String"
        },
        "disks_hanavm1_log_externalid": {
            "defaultValue": "/subscriptions/EnterYourSubscription/resourceGroups/EnterYourResourceGroup/providers/Microsoft.Compute/disks/hanavm1_log",
            "type": "String"
        },
        "disks_hanavm1_logbackup_externalid": {
            "defaultValue": "/subscriptions/EnterYourSubscription/resourceGroups/EnterYourResourceGroup/providers/Microsoft.Compute/disks/hanavm1_logbackup",
            "type": "String"
        },
        "disks_hanavm1_shared_externalid": {
            "defaultValue": "/subscriptions/EnterYourSubscription/resourceGroups/EnterYourResourceGroup/providers/Microsoft.Compute/disks/hanavm1_shared",
            "type": "String"
        },
        "networkInterfaces_hanavm1421_externalid": {
            "defaultValue": "/subscriptions/EnterYourSubscription/resourceGroups/EnterYourResourceGroup/providers/Microsoft.Network/networkInterfaces/hanavm1421",
            "type": "String"
        },
        "disks_hanavm2_OsDisk_1_e2cc01fc5d314279a94c16f7010d8f75_externalid": {
            "defaultValue": "/subscriptions/EnterYourSubscription/resourceGroups/EnterYourResourceGroup/providers/Microsoft.Compute/disks/hanavm2_OsDisk_1_e2cc01fc5d314279a94c16f7010d8f75",
            "type": "String"
        },
        "disks_hanavm2_data_externalid": {
            "defaultValue": "/subscriptions/EnterYourSubscription/resourceGroups/EnterYourResourceGroup/providers/Microsoft.Compute/disks/hanavm2_data",
            "type": "String"
        },
        "disks_hanavm2_log_externalid": {
            "defaultValue": "/subscriptions/EnterYourSubscription/resourceGroups/EnterYourResourceGroup/providers/Microsoft.Compute/disks/hanavm2_log",
            "type": "String"
        },
        "disks_hanavm2_logbackup_externalid": {
            "defaultValue": "/subscriptions/EnterYourSubscription/resourceGroups/EnterYourResourceGroup/providers/Microsoft.Compute/disks/hanavm2_logbackup",
            "type": "String"
        },
        "disks_hanavm2_shared_externalid": {
            "defaultValue": "/subscriptions/EnterYourSubscription/resourceGroups/EnterYourResourceGroup/providers/Microsoft.Compute/disks/hanavm2_shared",
            "type": "String"
        },
        "networkInterfaces_hanavm2421_externalid": {
            "defaultValue": "/subscriptions/EnterYourSubscription/resourceGroups/EnterYourResourceGroup/providers/Microsoft.Network/networkInterfaces/hanavm2421",
            "type": "String"
        },
        "availabilitySets_ISCSI_AVSET_externalid": {
            "defaultValue": "/subscriptions/EnterYourSubscription/resourceGroups/EnterYourResourceGroup/providers/Microsoft.Compute/availabilitySets/ISCSI-AVSET",
            "type": "String"
        },
        "disks_iscsivm1_OsDisk_1_ed22b39e73a1404d93414841bf9c86c7_externalid": {
            "defaultValue": "/subscriptions/EnterYourSubscription/resourceGroups/EnterYourResourceGroup/providers/Microsoft.Compute/disks/iscsivm1_OsDisk_1_ed22b39e73a1404d93414841bf9c86c7",
            "type": "String"
        },
        "networkInterfaces_iscsivm1800_externalid": {
            "defaultValue": "/subscriptions/EnterYourSubscription/resourceGroups/EnterYourResourceGroup/providers/Microsoft.Network/networkInterfaces/iscsivm1800",
            "type": "String"
        },
        "disks_iscsivm2_OsDisk_1_0934e5bce6be40f880bea3e9dc9dcc17_externalid": {
            "defaultValue": "/subscriptions/EnterYourSubscription/resourceGroups/EnterYourResourceGroup/providers/Microsoft.Compute/disks/iscsivm2_OsDisk_1_0934e5bce6be40f880bea3e9dc9dcc17",
            "type": "String"
        },
        "networkInterfaces_iscsivm2800_externalid": {
            "defaultValue": "/subscriptions/EnterYourSubscription/resourceGroups/EnterYourResourceGroup/providers/Microsoft.Network/networkInterfaces/iscsivm2800",
            "type": "String"
        },
        "disks_iscsivm3_OsDisk_1_1b25b847bb804fb59c5d3270280d7f76_externalid": {
            "defaultValue": "/subscriptions/EnterYourSubscription/resourceGroups/EnterYourResourceGroup/providers/Microsoft.Compute/disks/iscsivm3_OsDisk_1_1b25b847bb804fb59c5d3270280d7f76",
            "type": "String"
        },
        "networkInterfaces_iscsivm3800_externalid": {
            "defaultValue": "/subscriptions/EnterYourSubscription/resourceGroups/EnterYourResourceGroup/providers/Microsoft.Network/networkInterfaces/iscsivm3800",
            "type": "String"
        },
        "disks_jbvm1_OsDisk_1_a0bfc411798f4c6c98633c11673a8f26_externalid": {
            "defaultValue": "/subscriptions/EnterYourSubscription/resourceGroups/EnterYourResourceGroup/providers/Microsoft.Compute/disks/jbvm1_OsDisk_1_a0bfc411798f4c6c98633c11673a8f26",
            "type": "String"
        },
        "disks_jbvm1_sapbits_externalid": {
            "defaultValue": "/subscriptions/EnterYourSubscription/resourceGroups/EnterYourResourceGroup/providers/Microsoft.Compute/disks/jbvm1_sapbits",
            "type": "String"
        },
        "networkInterfaces_jbvm1147_externalid": {
            "defaultValue": "/subscriptions/EnterYourSubscription/resourceGroups/EnterYourResourceGroup/providers/Microsoft.Network/networkInterfaces/jbvm1147",
            "type": "String"
        },
        "disks_pasvm1_OsDisk_1_5cc1877f65074d0dbc267a1df2d9b90c_externalid": {
            "defaultValue": "/subscriptions/EnterYourSubscription/resourceGroups/EnterYourResourceGroup/providers/Microsoft.Compute/disks/pasvm1_OsDisk_1_5cc1877f65074d0dbc267a1df2d9b90c",
            "type": "String"
        },
        "disks_pasvm1_usr_sap_externalid": {
            "defaultValue": "/subscriptions/EnterYourSubscription/resourceGroups/EnterYourResourceGroup/providers/Microsoft.Compute/disks/pasvm1_usr_sap",
            "type": "String"
        },
        "networkInterfaces_pasvm1731_externalid": {
            "defaultValue": "/subscriptions/EnterYourSubscription/resourceGroups/EnterYourResourceGroup/providers/Microsoft.Network/networkInterfaces/pasvm1731",
            "type": "String"
        }
    },
    "variables": {},
    "resources": [
        {
            "type": "Microsoft.Compute/virtualMachines",
            "apiVersion": "2018-10-01",
            "name": "[parameters('virtualMachines_aasvm1_name')]",
            "location": "westus2",
            "properties": {
                "availabilitySet": {
                    "id": "[parameters('availabilitySets_DIALOG_AVSET_externalid')]"
                },
                "hardwareProfile": {
                    "vmSize": "Standard_DS12_v2"
                },
                "storageProfile": {
                    "imageReference": {
                        "publisher": "SUSE",
                        "offer": "SLES-SAP",
                        "sku": "12-SP3",
                        "version": "latest"
                    },
                    "osDisk": {
                        "osType": "Linux",
                        "name": "[concat(parameters('virtualMachines_aasvm1_name'), '_OsDisk_1_0158f38ae2344ca68182b6a84e403534')]",
                        "createOption": "FromImage",
                        "caching": "ReadWrite",
                        "managedDisk": {
                            "storageAccountType": "Standard_LRS"
                        },
                        "diskSizeGB": 30
                    },
                    "dataDisks": [
                        {
                            "lun": 0,
                            "name": "[concat(parameters('virtualMachines_aasvm1_name'), '_usr_sap')]",
                            "createOption": "Attach",
                            "caching": "ReadOnly",
                            "writeAcceleratorEnabled": false,
                            "managedDisk": {
                                "storageAccountType": "StandardSSD_LRS",
                                "id": "[parameters('disks_aasvm1_usr_sap_externalid')]"
                            },
                            "diskSizeGB": 256
                        }
                    ]
                },
                "osProfile": {
                    "computerName": "[parameters('virtualMachines_aasvm1_name')]",
                    "adminUsername": "testuser", "adminPassword": "P0ssW0rd2018", 
                    "linuxConfiguration": {
                        "disablePasswordAuthentication": false,
                        "provisionVMAgent": true
                    },
                    "secrets": [],
                    "allowExtensionOperations": true
                },
                "networkProfile": {
                    "networkInterfaces": [
                        {
                            "id": "[parameters('networkInterfaces_aasvm1484_externalid')]"
                        }
                    ]
                }
            }
        },
        {
            "type": "Microsoft.Compute/virtualMachines",
            "apiVersion": "2018-10-01",
            "name": "[parameters('virtualMachines_ascsvm1_name')]",
            "location": "westus2",
            "properties": {
                "availabilitySet": {
                    "id": "[parameters('availabilitySets_ASCS_AVSET_externalid')]"
                },
                "hardwareProfile": {
                    "vmSize": "Standard_DS12_v2"
                },
                "storageProfile": {
                    "imageReference": {
                        "publisher": "SUSE",
                        "offer": "SLES-SAP",
                        "sku": "12-SP3",
                        "version": "latest"
                    },
                    "osDisk": {
                        "osType": "Linux",
                        "name": "[concat(parameters('virtualMachines_ascsvm1_name'), '_OsDisk_1_4cb224a08ee84e5cb7da23070237bbb6')]",
                        "createOption": "FromImage",
                        "caching": "ReadWrite",
                        "managedDisk": {
                            "storageAccountType": "Standard_LRS"

                        },
                        "diskSizeGB": 30
                    },
                    "dataDisks": [
                        {
                            "lun": 0,
                            "name": "[concat(parameters('virtualMachines_ascsvm1_name'), '_usr_sap')]",
                            "createOption": "Attach",
                            "caching": "None",
                            "writeAcceleratorEnabled": false,
                            "managedDisk": {
                                "storageAccountType": "Premium_LRS",
                                "id": "[parameters('disks_ascsvm1_usr_sap_externalid')]"
                            },
                            "diskSizeGB": 256
                        }
                    ]
                },
                "osProfile": {
                    "computerName": "[parameters('virtualMachines_ascsvm1_name')]",
                    "adminUsername": "testuser", "adminPassword": "P0ssW0rd2018",
                    "linuxConfiguration": {
                        "disablePasswordAuthentication": false,
                        "provisionVMAgent": true
                    },
                    "secrets": [],
                    "allowExtensionOperations": true
                },
                "networkProfile": {
                    "networkInterfaces": [
                        {
                            "id": "[parameters('networkInterfaces_ascsvm1982_externalid')]"
                        }
                    ]
                }
            }
        },
        {
            "type": "Microsoft.Compute/virtualMachines",
            "apiVersion": "2018-10-01",
            "name": "[parameters('virtualMachines_ascsvm2_name')]",
            "location": "westus2",
            "properties": {
                "availabilitySet": {
                    "id": "[parameters('availabilitySets_ASCS_AVSET_externalid')]"
                },
                "hardwareProfile": {
                    "vmSize": "Standard_DS12_v2"
                },
                "storageProfile": {
                    "imageReference": {
                        "publisher": "SUSE",
                        "offer": "SLES-SAP",
                        "sku": "12-SP3",
                        "version": "latest"
                    },
                    "osDisk": {
                        "osType": "Linux",
                        "name": "[concat(parameters('virtualMachines_ascsvm2_name'), '_OsDisk_1_248be034d2374ddea78864973b9227d9')]",
                        "createOption": "FromImage",
                        "caching": "ReadWrite",
                        "managedDisk": {
                            "storageAccountType": "Standard_LRS"

                        },
                        "diskSizeGB": 30
                    },
                    "dataDisks": [
                        {
                            "lun": 0,
                            "name": "[concat(parameters('virtualMachines_ascsvm2_name'), '_usr_sap')]",
                            "createOption": "Attach",
                            "caching": "None",
                            "writeAcceleratorEnabled": false,
                            "managedDisk": {
                                "storageAccountType": "Premium_LRS",
                                "id": "[parameters('disks_ascsvm2_usr_sap_externalid')]"
                            },
                            "diskSizeGB": 256
                        }
                    ]
                },
                "osProfile": {
                    "computerName": "[parameters('virtualMachines_ascsvm2_name')]",
                    "adminUsername": "testuser", "adminPassword": "P0ssW0rd2018",
                    "linuxConfiguration": {
                        "disablePasswordAuthentication": false,
                        "provisionVMAgent": true
                    },
                    "secrets": [],
                    "allowExtensionOperations": true
                },
                "networkProfile": {
                    "networkInterfaces": [
                        {
                            "id": "[parameters('networkInterfaces_ascsvm2788_externalid')]"
                        }
                    ]
                }
            }
        },
        {
            "type": "Microsoft.Compute/virtualMachines",
            "apiVersion": "2018-10-01",
            "name": "[parameters('virtualMachines_hanavm1_name')]",
            "location": "westus2",
            "properties": {
                "availabilitySet": {
                    "id": "[parameters('availabilitySets_DB_AVSET_externalid')]"
                },
                "hardwareProfile": {
                    "vmSize": "Standard_E16s_v3"
                },
                "storageProfile": {
                    "imageReference": {
                        "publisher": "SUSE",
                        "offer": "SLES-SAP",
                        "sku": "12-SP3",
                        "version": "latest"
                    },
                    "osDisk": {
                        "osType": "Linux",
                        "name": "[concat(parameters('virtualMachines_hanavm1_name'), '_OsDisk_1_b767fa44e206489d885317957113533e')]",
                        "createOption": "FromImage",
                        "caching": "ReadWrite",
                        "managedDisk": {
                            "storageAccountType": "Standard_LRS"

                        },
                        "diskSizeGB": 30
                    },
                    "dataDisks": [
                        {
                            "lun": 0,
                            "name": "[concat(parameters('virtualMachines_hanavm1_name'), '_data')]",
                            "createOption": "Attach",
                            "caching": "None",
                            "writeAcceleratorEnabled": false,
                            "managedDisk": {
                                "storageAccountType": "Premium_LRS",
                                "id": "[parameters('disks_hanavm1_data_externalid')]"
                            },
                            "diskSizeGB": 1023
                        },
                        {
                            "lun": 1,
                            "name": "[concat(parameters('virtualMachines_hanavm1_name'), '_log')]",
                            "createOption": "Attach",
                            "caching": "None",
                            "writeAcceleratorEnabled": false,
                            "managedDisk": {
                                "storageAccountType": "Premium_LRS",
                                "id": "[parameters('disks_hanavm1_log_externalid')]"
                            },
                            "diskSizeGB": 512
                        },
                        {
                            "lun": 2,
                            "name": "[concat(parameters('virtualMachines_hanavm1_name'), '_logbackup')]",
                            "createOption": "Attach",
                            "caching": "None",
                            "writeAcceleratorEnabled": false,
                            "managedDisk": {
                                "storageAccountType": "Premium_LRS",
                                "id": "[parameters('disks_hanavm1_logbackup_externalid')]"
                            },
                            "diskSizeGB": 1023
                        },
                        {
                            "lun": 3,
                            "name": "[concat(parameters('virtualMachines_hanavm1_name'), '_shared')]",
                            "createOption": "Attach",
                            "caching": "None",
                            "writeAcceleratorEnabled": false,
                            "managedDisk": {
                                "storageAccountType": "Premium_LRS",
                                "id": "[parameters('disks_hanavm1_shared_externalid')]"
                            },
                            "diskSizeGB": 256
                        }
                    ]
                },
                "osProfile": {
                    "computerName": "[parameters('virtualMachines_hanavm1_name')]",
                    "adminUsername": "testuser", "adminPassword": "P0ssW0rd2018",
                    "linuxConfiguration": {
                        "disablePasswordAuthentication": false,
                        "provisionVMAgent": true
                    },
                    "secrets": [],
                    "allowExtensionOperations": true
                },
                "networkProfile": {
                    "networkInterfaces": [
                        {
                            "id": "[parameters('networkInterfaces_hanavm1421_externalid')]"
                        }
                    ]
                }
            }
        },
        {
            "type": "Microsoft.Compute/virtualMachines",
            "apiVersion": "2018-10-01",
            "name": "[parameters('virtualMachines_hanavm2_name')]",
            "location": "westus2",
            "properties": {
                "availabilitySet": {
                    "id": "[parameters('availabilitySets_DB_AVSET_externalid')]"
                },
                "hardwareProfile": {
                    "vmSize": "Standard_E16s_v3"
                },
                "storageProfile": {
                    "imageReference": {
                        "publisher": "SUSE",
                        "offer": "SLES-SAP",
                        "sku": "12-SP3",
                        "version": "latest"
                    },
                    "osDisk": {
                        "osType": "Linux",
                        "name": "[concat(parameters('virtualMachines_hanavm2_name'), '_OsDisk_1_e2cc01fc5d314279a94c16f7010d8f75')]",
                        "createOption": "FromImage",
                        "caching": "ReadWrite",
                        "managedDisk": {
                            "storageAccountType": "Standard_LRS"

                        },
                        "diskSizeGB": 30
                    },
                    "dataDisks": [
                        {
                            "lun": 0,
                            "name": "[concat(parameters('virtualMachines_hanavm2_name'), '_data')]",
                            "createOption": "Attach",
                            "caching": "None",
                            "writeAcceleratorEnabled": false,
                            "managedDisk": {
                                "storageAccountType": "Premium_LRS",
                                "id": "[parameters('disks_hanavm2_data_externalid')]"
                            },
                            "diskSizeGB": 1023
                        },
                        {
                            "lun": 1,
                            "name": "[concat(parameters('virtualMachines_hanavm2_name'), '_log')]",
                            "createOption": "Attach",
                            "caching": "None",
                            "writeAcceleratorEnabled": false,
                            "managedDisk": {
                                "storageAccountType": "Premium_LRS",
                                "id": "[parameters('disks_hanavm2_log_externalid')]"
                            },
                            "diskSizeGB": 512
                        },
                        {
                            "lun": 2,
                            "name": "[concat(parameters('virtualMachines_hanavm2_name'), '_logbackup')]",
                            "createOption": "Attach",
                            "caching": "None",
                            "writeAcceleratorEnabled": false,
                            "managedDisk": {
                                "storageAccountType": "Premium_LRS",
                                "id": "[parameters('disks_hanavm2_logbackup_externalid')]"
                            },
                            "diskSizeGB": 1023
                        },
                        {
                            "lun": 3,
                            "name": "[concat(parameters('virtualMachines_hanavm2_name'), '_shared')]",
                            "createOption": "Attach",
                            "caching": "None",
                            "writeAcceleratorEnabled": false,
                            "managedDisk": {
                                "storageAccountType": "Premium_LRS",
                                "id": "[parameters('disks_hanavm2_shared_externalid')]"
                            },
                            "diskSizeGB": 256
                        }
                    ]
                },
                "osProfile": {
                    "computerName": "[parameters('virtualMachines_hanavm2_name')]",
                    "adminUsername": "testuser", "adminPassword": "P0ssW0rd2018",
                    "linuxConfiguration": {
                        "disablePasswordAuthentication": false,
                        "provisionVMAgent": true
                    },
                    "secrets": [],
                    "allowExtensionOperations": true
                },
                "networkProfile": {
                    "networkInterfaces": [
                        {
                            "id": "[parameters('networkInterfaces_hanavm2421_externalid')]"
                        }
                    ]
                }
            }
        },
        {
            "type": "Microsoft.Compute/virtualMachines",
            "apiVersion": "2018-10-01",
            "name": "[parameters('virtualMachines_iscsivm1_name')]",
            "location": "westus2",
            "properties": {
                "availabilitySet": {
                    "id": "[parameters('availabilitySets_ISCSI_AVSET_externalid')]"
                },
                "hardwareProfile": {
                    "vmSize": "Standard_D2s_v3"
                },
                "storageProfile": {
                    "imageReference": {
                        "publisher": "SUSE",
                        "offer": "SLES-SAP",
                        "sku": "12-SP3",
                        "version": "latest"
                    },
                    "osDisk": {
                        "osType": "Linux",
                        "name": "[concat(parameters('virtualMachines_iscsivm1_name'), '_OsDisk_1_ed22b39e73a1404d93414841bf9c86c7')]",
                        "createOption": "FromImage",
                        "caching": "ReadWrite",
                        "managedDisk": {
                            "storageAccountType": "Standard_LRS"

                        },
                        "diskSizeGB": 30
                    },
                    "dataDisks": []
                },
                "osProfile": {
                    "computerName": "[parameters('virtualMachines_iscsivm1_name')]",
                    "adminUsername": "testuser", "adminPassword": "P0ssW0rd2018",
                    "linuxConfiguration": {
                        "disablePasswordAuthentication": false,
                        "provisionVMAgent": true
                    },
                    "secrets": [],
                    "allowExtensionOperations": true
                },
                "networkProfile": {
                    "networkInterfaces": [
                        {
                            "id": "[parameters('networkInterfaces_iscsivm1800_externalid')]"
                        }
                    ]
                }
            }
        },
        {
            "type": "Microsoft.Compute/virtualMachines",
            "apiVersion": "2018-10-01",
            "name": "[parameters('virtualMachines_iscsivm2_name')]",
            "location": "westus2",
            "properties": {
                "availabilitySet": {
                    "id": "[parameters('availabilitySets_ISCSI_AVSET_externalid')]"
                },
                "hardwareProfile": {
                    "vmSize": "Standard_D2s_v3"
                },
                "storageProfile": {
                    "imageReference": {
                        "publisher": "SUSE",
                        "offer": "SLES-SAP",
                        "sku": "12-SP3",
                        "version": "latest"
                    },
                    "osDisk": {
                        "osType": "Linux",
                        "name": "[concat(parameters('virtualMachines_iscsivm2_name'), '_OsDisk_1_0934e5bce6be40f880bea3e9dc9dcc17')]",
                        "createOption": "FromImage",
                        "caching": "ReadWrite",
                        "managedDisk": {
                            "storageAccountType": "Standard_LRS"

                        },
                        "diskSizeGB": 30
                    },
                    "dataDisks": []
                },
                "osProfile": {
                    "computerName": "[parameters('virtualMachines_iscsivm2_name')]",
                    "adminUsername": "testuser", "adminPassword": "P0ssW0rd2018",
                    "linuxConfiguration": {
                        "disablePasswordAuthentication": false,
                        "provisionVMAgent": true
                    },
                    "secrets": [],
                    "allowExtensionOperations": true
                },
                "networkProfile": {
                    "networkInterfaces": [
                        {
                            "id": "[parameters('networkInterfaces_iscsivm2800_externalid')]"
                        }
                    ]
                }
            }
        },
        {
            "type": "Microsoft.Compute/virtualMachines",
            "apiVersion": "2018-10-01",
            "name": "[parameters('virtualMachines_iscsivm3_name')]",
            "location": "westus2",
            "properties": {
                "availabilitySet": {
                    "id": "[parameters('availabilitySets_ISCSI_AVSET_externalid')]"
                },
                "hardwareProfile": {
                    "vmSize": "Standard_D2s_v3"
                },
                "storageProfile": {
                    "imageReference": {
                        "publisher": "SUSE",
                        "offer": "SLES-SAP",
                        "sku": "12-SP3",
                        "version": "latest"
                    },
                    "osDisk": {
                        "osType": "Linux",
                        "name": "[concat(parameters('virtualMachines_iscsivm3_name'), '_OsDisk_1_1b25b847bb804fb59c5d3270280d7f76')]",
                        "createOption": "FromImage",
                        "caching": "ReadWrite",
                        "managedDisk": {
                            "storageAccountType": "Standard_LRS"

                        },
                        "diskSizeGB": 30
                    },
                    "dataDisks": []
                },
                "osProfile": {
                    "computerName": "[parameters('virtualMachines_iscsivm3_name')]",
                    "adminUsername": "testuser", "adminPassword": "P0ssW0rd2018",
                    "linuxConfiguration": {
                        "disablePasswordAuthentication": false,
                        "provisionVMAgent": true
                    },
                    "secrets": [],
                    "allowExtensionOperations": true
                },
                "networkProfile": {
                    "networkInterfaces": [
                        {
                            "id": "[parameters('networkInterfaces_iscsivm3800_externalid')]"
                        }
                    ]
                }
            }
        },
        {
            "type": "Microsoft.Compute/virtualMachines",
            "apiVersion": "2018-10-01",
            "name": "[parameters('virtualMachines_jbvm1_name')]",
            "location": "westus2",
            "properties": {
                "hardwareProfile": {
                    "vmSize": "Standard_DS2_v2"
                },
                "storageProfile": {
                    "imageReference": {
                        "publisher": "MicrosoftWindowsServer",
                        "offer": "WindowsServer",
                        "sku": "2012-R2-Datacenter",
                        "version": "latest"
                    },
                    "osDisk": {
                        "osType": "Windows",
                        "name": "[concat(parameters('virtualMachines_jbvm1_name'), '_OsDisk_1_a0bfc411798f4c6c98633c11673a8f26')]",
                        "createOption": "FromImage",
                        "caching": "ReadWrite",
                        "managedDisk": {
                            "storageAccountType": "Standard_LRS"

                        },
                        "diskSizeGB": 127
                    },
                    "dataDisks": [
                        {
                            "lun": 0,
                            "name": "[concat(parameters('virtualMachines_jbvm1_name'), '_sapbits')]",
                            "createOption": "Attach",
                            "caching": "None",
                            "writeAcceleratorEnabled": false,
                            "managedDisk": {
                                "storageAccountType": "Premium_LRS",
                                "id": "[parameters('disks_jbvm1_sapbits_externalid')]"
                            },
                            "diskSizeGB": 512
                        }
                    ]
                },
                "osProfile": {
                    "computerName": "[parameters('virtualMachines_jbvm1_name')]",
                    "adminUsername": "testuser", "adminPassword": "P0ssW0rd2018",
                    "windowsConfiguration": {
                        "provisionVMAgent": true,
                        "enableAutomaticUpdates": true
                    },
                    "secrets": [],
                    "allowExtensionOperations": true
                },
                "networkProfile": {
                    "networkInterfaces": [
                        {
                            "id": "[parameters('networkInterfaces_jbvm1147_externalid')]"
                        }
                    ]
                }
            }
        },
        {
            "type": "Microsoft.Compute/virtualMachines",
            "apiVersion": "2018-10-01",
            "name": "[parameters('virtualMachines_pasvm1_name')]",
            "location": "westus2",
            "properties": {
                "availabilitySet": {
                    "id": "[parameters('availabilitySets_DIALOG_AVSET_externalid')]"
                },
                "hardwareProfile": {
                    "vmSize": "Standard_DS15_v2"
                },
                "storageProfile": {
                    "imageReference": {
                        "publisher": "SUSE",
                        "offer": "SLES-SAP",
                        "sku": "12-SP3",
                        "version": "latest"
                    },
                    "osDisk": {
                        "osType": "Linux",
                        "name": "[concat(parameters('virtualMachines_pasvm1_name'), '_OsDisk_1_5cc1877f65074d0dbc267a1df2d9b90c')]",
                        "createOption": "FromImage",
                        "caching": "ReadWrite",
                        "managedDisk": {
                            "storageAccountType": "Standard_LRS"

                        },
                        "diskSizeGB": 30
                    },
                    "dataDisks": [
                        {
                            "lun": 0,
                            "name": "[concat(parameters('virtualMachines_pasvm1_name'), '_usr_sap')]",
                            "createOption": "Attach",
                            "caching": "None",
                            "writeAcceleratorEnabled": false,
                            "managedDisk": {
                                "storageAccountType": "Premium_LRS",
                                "id": "[parameters('disks_pasvm1_usr_sap_externalid')]"
                            },
                            "diskSizeGB": 256
                        }
                    ]
                },
                "osProfile": {
                    "computerName": "[parameters('virtualMachines_pasvm1_name')]",
                    "adminUsername": "testuser", "adminPassword": "P0ssW0rd2018",
                    "linuxConfiguration": {
                        "disablePasswordAuthentication": false,
                        "provisionVMAgent": true
                    },
                    "secrets": [],
                    "allowExtensionOperations": true
                },
                "networkProfile": {
                    "networkInterfaces": [
                        {
                            "id": "[parameters('networkInterfaces_pasvm1731_externalid')]"
                        }
                    ]
                }
            }
        }
    ]
}