{
    "$schema": "https://schema.management.azure.com/schemas/2015-01-01/deploymentParameters.json#",
    "contentVersion": "1.0.0.0",
    "parameters": {
        "availabilitySets_db_avset_name": {
            "value": null
        },
        "availabilitySets_ascs_avset_name": {
            "value": null
        },
        "availabilitySets_iscsi_avset_name": {
            "value": null
        },
        "availabilitySets_dialog_avset_name": {
            "value": null
        },
        "virtualMachines_ASCSVM1_externalid": {
            "value": null
        },
        "virtualMachines_ASCSVM2_externalid": {
            "value": null
        },
        "virtualMachines_HANAVM1_externalid": {
            "value": null
        },
        "virtualMachines_HANAVM2_externalid": {
            "value": null
        },
        "virtualMachines_AASVM1_externalid": {
            "value": null
        },
        "virtualMachines_PASVM1_externalid": {
            "value": null
        },
        "virtualMachines_ISCSIVM1_externalid": {
            "value": null
        },
        "virtualMachines_ISCSIVM2_externalid": {
            "value": null
        },
        "virtualMachines_ISCSIVM3_externalid": {
            "value": null
        }
    }
}